,left_enterprise_name_code,left_enterprise_id,similarity,right_RequestId,right_RequestNameCode
0,"['0532000', '0476270', '0373020', '0234070', '0808800', '0474470', '0275200', '0321000', '0260000', '0108020', '0802270']",67142188-5,1.0,a,"['0532000', '0476270', '0373020', '0234070', '0808800', '0474470', '0275200', '0321000', '0260000', '0108020', '0802270']"
1,"['0262940', '0229000', '0275200', '0321000', '0234070', '0772320', '0772470', '0282270', '0532000', '0476270', '0802270']",67716582-7,0.6886195,a,"['0532000', '0476270', '0373020', '0234070', '0808800', '0474470', '0275200', '0321000', '0260000', '0108020', '0802270']"
2,"['0002000', '0606000', '0777320', '0808800', '0234070', '0877200', '0321000']",68092527-6,0.6120457,a,"['0532000', '0476270', '0373020', '0234070', '0808800', '0474470', '0275200', '0321000', '0260000', '0108020', '0802270']"
3,"['0606040', '0712960', '0301030', '0234070', '0407320', '0285400']",79994516-X,0.9999999,b,"['0606040', '0712960', '0301030', '0234070', '0407320', '0285400']"
4,"['0301020', '0606000', '0204070', '0285400', '0306040', '0224100', '0606600', '0772470', '0282270']",MA48871P-5,0.60718215,b,"['0606040', '0712960', '0301030', '0234070', '0407320', '0285400']"
5,"['0306060', '0401000', '0002990', '0507160', '0174070', '0101020', '0321000', '0234070', '0772320', '0000000', '0607120', '0227700', '0000000']",60828043-4,1.0000001,c,"['0306060', '0401000', '0002990', '0507160', '0174070', '0101020', '0321000', '0234070', '0772320', '0000000', '0607120', '0227700', '0000000']"
6,"['0306060', '0401000', '0002990', '0959270', '0307720', '0507160', '0174070', '0000000', '0968000', '0236000', '0000000']",79036309-1,0.74592596,c,"['0306060', '0401000', '0002990', '0507160', '0174070', '0101020', '0321000', '0234070', '0772320', '0000000', '0607120', '0227700', '0000000']"
7,"['0306060', '0341170', '0507160', '0174070', '0000000', '0409040', '0442120', '0000000']",61799646-9,0.73708594,c,"['0306060', '0401000', '0002990', '0507160', '0174070', '0101020', '0321000', '0234070', '0772320', '0000000', '0607120', '0227700', '0000000']"
8,"['0409040', '0468020', '0772150', '0000000', '0607120', '0227700', '0000000', '0507160', '0174070']",57382881-7,0.7323772,c,"['0306060', '0401000', '0002990', '0507160', '0174070', '0101020', '0321000', '0234070', '0772320', '0000000', '0607120', '0227700', '0000000']"
9,"['0601030', '0441040', '0507160', '0174070', '0000000', '0211000', '0381570', '0000000']",75031676-8,0.717317,c,"['0306060', '0401000', '0002990', '0507160', '0174070', '0101020', '0321000', '0234070', '0772320', '0000000', '0607120', '0227700', '0000000']"
10,"['0277100', '0371200', '0000000', '0606000', '0279090', '0000000', '0301940', '0311200', '0600000', '0772100', '0400270', '0234070', '0507160']",09298343-7,0.71430874,c,"['0306060', '0401000', '0002990', '0507160', '0174070', '0101020', '0321000', '0234070', '0772320', '0000000', '0607120', '0227700', '0000000']"
11,"['0000000', '0500060', '0601030', '0904070', '0439000', '0478200', '0124000', '0000000', '0902120', '0271020', '0220470', '0000000', '0000000', '0507160', '0174070', '0479040', '0403310', '0342100']",63372989-7,0.71249664,c,"['0306060', '0401000', '0002990', '0507160', '0174070', '0101020', '0321000', '0234070', '0772320', '0000000', '0607120', '0227700', '0000000']"
12,"['0372140', '0500000', '0000000', '0211000', '0381570', '0000000', '0302270', '0441120', '0002010', '0234070', '0772320']",74615593-0,0.7050262,c,"['0306060', '0401000', '0002990', '0507160', '0174070', '0101020', '0321000', '0234070', '0772320', '0000000', '0607120', '0227700', '0000000']"
13,"['0229000', '0308010', '0509000', '0871040', '0702480', '0101020', '0321000', '0000000', '0607120', '0227700', '0000000']",60828202-6,0.7047932,c,"['0306060', '0401000', '0002990', '0507160', '0174070', '0101020', '0321000', '0234070', '0772320', '0000000', '0607120', '0227700', '0000000']"
14,"['0301960', '0227700', '0320000', '0234070', '0772320', '0000000', '0530120', '0772470', '0000000', '0209040', '0602400']",MA62H568-X,0.69964564,c,"['0306060', '0401000', '0002990', '0507160', '0174070', '0101020', '0321000', '0234070', '0772320', '0000000', '0607120', '0227700', '0000000']"
15,"['0306060', '0671020', '0507160', '0174070', '0249000', '0540470', '0000000', '0441210', '0371540', '0000000']",32168027-0,0.69341826,c,"['0306060', '0401000', '0002990', '0507160', '0174070', '0101020', '0321000', '0234070', '0772320', '0000000', '0607120', '0227700', '0000000']"
16,"['0602120', '0220000', '0234070', '0772320', '0000000', '0530120', '0772470', '0000000']",68239365-6,0.692548,c,"['0306060', '0401000', '0002990', '0507160', '0174070', '0101020', '0321000', '0234070', '0772320', '0000000', '0607120', '0227700', '0000000']"
17,"['0002000', '0102120', '0002270', '0229000', '0908010', '0101020', '0321000', '0234070', '0772320', '0209040', '0602400']",MA6A4B56-X,0.688033,c,"['0306060', '0401000', '0002990', '0507160', '0174070', '0101020', '0321000', '0234070', '0772320', '0000000', '0607120', '0227700', '0000000']"
18,"['0402070', '0507160', '0507160', '0174070', '0249000', '0540470', '0000000', '0503330', '0320000', '0000000']",57646943-4,0.6879415,c,"['0306060', '0401000', '0002990', '0507160', '0174070', '0101020', '0321000', '0234070', '0772320', '0000000', '0607120', '0227700', '0000000']"
19,"['0602120', '0220000', '0500000', '0121270', '0407320', '0321000', '0234070', '0772320']",33194841-0,0.68633395,c,"['0306060', '0401000', '0002990', '0507160', '0174070', '0101020', '0321000', '0234070', '0772320', '0000000', '0607120', '0227700', '0000000']"
20,"['0729040', '0801090', '0242100', '0904070', '0000000', '0002000', '0320000', '0000000', '0202610', '0263300', '0507160', '0174070', '0449000', '0949000']",MA5ANTW5-4,0.6859049,c,"['0306060', '0401000', '0002990', '0507160', '0174070', '0101020', '0321000', '0234070', '0772320', '0000000', '0607120', '0227700', '0000000']"
21,"['0301020', '0800170', '0002010', '0606600', '0000000', '0106010', '0311120', '0000000', '0507160', '0174070', '0800170', '0252300']",MA2YKN1P-4,0.68087053,c,"['0306060', '0401000', '0002990', '0507160', '0174070', '0101020', '0321000', '0234070', '0772320', '0000000', '0607120', '0227700', '0000000']"
22,"['0000000', '0000000', '0000000', '0278040', '0430420', '0000000', '0108040', '0351070', '0000000', '0111900', '0262940', '0234070', '0772320']",68774492-9,0.67474735,c,"['0306060', '0401000', '0002990', '0507160', '0174070', '0101020', '0321000', '0234070', '0772320', '0000000', '0607120', '0227700', '0000000']"
23,"['0900000', '0381510', '0101040', '0507160', '0341120', '0000000', '0227700', '0409040', '0000000']",MA3PG9FG-3,0.67289186,c,"['0306060', '0401000', '0002990', '0507160', '0174070', '0101020', '0321000', '0234070', '0772320', '0000000', '0607120', '0227700', '0000000']"
24,"['0002000', '0304040', '0801090', '0401000', '0441120', '0104400', '0234070', '0570470', '0378020', '0000000', '0209040', '0602400', '0000000']",MA62B5QM-9,0.6728657,c,"['0306060', '0401000', '0002990', '0507160', '0174070', '0101020', '0321000', '0234070', '0772320', '0000000', '0607120', '0227700', '0000000']"
25,"['0252270', '0227700', '0002270', '0302320', '0171020', '0401000', '0507160', '0174070']",74802075-7,0.67285615,c,"['0306060', '0401000', '0002990', '0507160', '0174070', '0101020', '0321000', '0234070', '0772320', '0000000', '0607120', '0227700', '0000000']"
26,"['0407100', '0108040', '0602120', '0204070', '0311640', '0002610', '0000000', '0002000', '0320000', '0000000']",56021326-6,0.67252356,c,"['0306060', '0401000', '0002990', '0507160', '0174070', '0101020', '0321000', '0234070', '0772320', '0000000', '0607120', '0227700', '0000000']"
27,"['0451060', '0242310', '0000000', '0608040', '0311120', '0000000', '0507160', '0174070', '0103020', '0252000']",75274154-9,0.67135245,c,"['0306060', '0401000', '0002990', '0507160', '0174070', '0101020', '0321000', '0234070', '0772320', '0000000', '0607120', '0227700', '0000000']"
28,"['0244010', '0371200', '0000000', '0211000', '0381570', '0000000', '0302270', '0441120', '0002010', '0104400', '0234070']",69723548-2,0.6712142,c,"['0306060', '0401000', '0002990', '0507160', '0174070', '0101020', '0321000', '0234070', '0772320', '0000000', '0607120', '0227700', '0000000']"
29,"['0500060', '0121270', '0446060', '0343060', '0000000', '0002000', '0320000', '0000000', '0101020', '0269140']",MA5C43FU-8,0.670828,c,"['0306060', '0401000', '0002990', '0507160', '0174070', '0101020', '0321000', '0234070', '0772320', '0000000', '0607120', '0227700', '0000000']"
30,"['0729040', '0601050', '0381170', '0405000', '0507160', '0174070', '0000000', '0502270', '0277270', '0000000']",61437062-0,0.66915584,c,"['0306060', '0401000', '0002990', '0507160', '0174070', '0101020', '0321000', '0234070', '0772320', '0000000', '0607120', '0227700', '0000000']"
31,"['0244010', '0407320', '0252400', '0002990', '0002010', '0321000', '0234070', '0772320']",MA59PCCX-X,0.6683508,c,"['0306060', '0401000', '0002990', '0507160', '0174070', '0101020', '0321000', '0234070', '0772320', '0000000', '0607120', '0227700', '0000000']"
32,"['0500060', '0443300', '0601030', '0712910', '0209040', '0532000', '0507160', '0671640', '0029210', '0540470', '0439000', '0116400', '0234070', '0000000', '0211000', '0381570', '0000000']",31057582-X,0.6679304,c,"['0306060', '0401000', '0002990', '0507160', '0174070', '0101020', '0321000', '0234070', '0772320', '0000000', '0607120', '0227700', '0000000']"
33,"['0269020', '0320000', '0002270', '0409040', '0006010', '0507160', '0174070']",70537060-X,0.66285044,c,"['0306060', '0401000', '0002990', '0507160', '0174070', '0101020', '0321000', '0234070', '0772320', '0000000', '0607120', '0227700', '0000000']"
34,"['0000000', '0000000', '0242100', '0904070', '0000000', '0002000', '0320000', '0000000', '0101020', '0269140', '0871040', '0949000']",73974488-4,0.6606753,c,"['0306060', '0401000', '0002990', '0507160', '0174070', '0101020', '0321000', '0234070', '0772320', '0000000', '0607120', '0227700', '0000000']"
35,"['0211000', '0381570', '0002270', '0002320', '0801010', '0321000', '0234070', '0772320']",06598865-4,0.6589099,c,"['0306060', '0401000', '0002990', '0507160', '0174070', '0101020', '0321000', '0234070', '0772320', '0000000', '0607120', '0227700', '0000000']"
36,"['0121100', '0009060', '0500000', '0777470', '0772200', '0269000', '0601030', '0712910', '0407320', '0321000', '0249000', '0540470', '0234070', '0772320']",76627734-5,0.65697813,c,"['0306060', '0401000', '0002990', '0507160', '0174070', '0101020', '0321000', '0234070', '0772320', '0000000', '0607120', '0227700', '0000000']"
37,"['0002000', '0320000', '0304010', '0210820', '0371160', '0321000', '0234070', '0772320']",MA5AM3WF-X,0.656262,c,"['0306060', '0401000', '0002990', '0507160', '0174070', '0101020', '0321000', '0234070', '0772320', '0000000', '0607120', '0227700', '0000000']"
38,"['0271270', '0276010', '0409000', '0002240', '0302270', '0441120', '0002010', '0104400', '0234070', '0000000', '0209040', '0602400', '0000000']",77605978-X,0.6506969,c,"['0306060', '0401000', '0002990', '0507160', '0174070', '0101020', '0321000', '0234070', '0772320', '0000000', '0607120', '0227700', '0000000']"
39,"['0341120', '0320000', '0002270', '0101010', '0101000', '0101020', '0234070', '0507160']",76478580-5,0.6498425,c,"['0306060', '0401000', '0002990', '0507160', '0174070', '0101020', '0321000', '0234070', '0772320', '0000000', '0607120', '0227700', '0000000']"
40,"['0500060', '0171020', '0772200', '0249000', '0540470', '0000000', '0002000', '0320000', '0000000']",07840924-4,0.6489245,c,"['0306060', '0401000', '0002990', '0507160', '0174070', '0101020', '0321000', '0234070', '0772320', '0000000', '0607120', '0227700', '0000000']"
41,"['0729040', '0801090', '0507160', '0174070', '0076270', '0606600', '0000000', '0968000', '0236000', '0000000']",76575900-0,0.6474281,c,"['0306060', '0401000', '0002990', '0507160', '0174070', '0101020', '0321000', '0234070', '0772320', '0000000', '0607120', '0227700', '0000000']"
42,"['0101020', '0400300', '0000000', '0209040', '0602400', '0000000', '0807320', '0347000', '0210270', '0500070', '0274270', '0722210', '0000000', '0245410', '0152900', '0806010', '0373020', '0806010', '0292800', '0000000']",07856324-1,0.64711255,c,"['0306060', '0401000', '0002990', '0507160', '0174070', '0101020', '0321000', '0234070', '0772320', '0000000', '0607120', '0227700', '0000000']"
43,"['0371940', '0421000', '0002270', '0606000', '0229000', '0532000', '0507160', '0174070']",78655035-3,0.6457027,c,"['0306060', '0401000', '0002990', '0507160', '0174070', '0101020', '0321000', '0234070', '0772320', '0000000', '0607120', '0227700', '0000000']"
44,"['0306060', '0401000', '0475820', '0252000', '0249000', '0540470', '0000000', '0227700', '0409040', '0000000']",79036309-2,0.6452453,c,"['0306060', '0401000', '0002990', '0507160', '0174070', '0101020', '0321000', '0234070', '0772320', '0000000', '0607120', '0227700', '0000000']"
45,"['0000000', '0000000', '0000000', '0002270', '0712130', '0507160', '0479100']",77892908-0,0.6450294,c,"['0306060', '0401000', '0002990', '0507160', '0174070', '0101020', '0321000', '0234070', '0772320', '0000000', '0607120', '0227700', '0000000']"
46,"['0321000', '0762000', '0002270', '0172320', '0269000', '0311960', '0867150', '0002270', '0174070', '0507160', '0341120', '0222000', '0343060']",MA4QDBX3-3,0.6415708,c,"['0306060', '0401000', '0002990', '0507160', '0174070', '0101020', '0321000', '0234070', '0772320', '0000000', '0607120', '0227700', '0000000']"
47,"['0500060', '0508000', '0029210', '0374010', '0271170', '0179090', '0507160', '0629220', '0222000', '0220270', '0712000', '0000000', '0209040', '0602400', '0000000']",10191037-X,0.64133984,c,"['0306060', '0401000', '0002990', '0507160', '0174070', '0101020', '0321000', '0234070', '0772320', '0000000', '0607120', '0227700', '0000000']"
48,"['0000000', '0000000', '0000000', '0000000', '0500060', '0601030', '0000000', '0301240', '0402270', '0802270']",73262462-8,0.63887,c,"['0306060', '0401000', '0002990', '0507160', '0174070', '0101020', '0321000', '0234070', '0772320', '0000000', '0607120', '0227700', '0000000']"
49,"['0601000', '0029210', '0249000', '0304010', '0381170', '0405000', '0772200', '0606600', '0000000', '0408000', '0343050', '0000000']",05805252-4,0.63759875,c,"['0306060', '0401000', '0002990', '0507160', '0174070', '0101020', '0321000', '0234070', '0772320', '0000000', '0607120', '0227700', '0000000']"
50,"['0002000', '0320000', '0887120', '0351000', '0371160', '0321000', '0234070', '0772320']",MA5AQ9NJ-3,0.63629925,c,"['0306060', '0401000', '0002990', '0507160', '0174070', '0101020', '0321000', '0234070', '0772320', '0000000', '0607120', '0227700', '0000000']"
51,"['0408000', '0002650', '0002000', '0102120', '0772100', '0507160', '0104400', '0234070']",59750650-5,0.6349313,c,"['0306060', '0401000', '0002990', '0507160', '0174070', '0101020', '0321000', '0234070', '0772320', '0000000', '0607120', '0227700', '0000000']"
52,"['0244010', '0442530', '0902120', '0904070', '0101020', '0321000', '0000000', '0712470', '0370010', '0000000']",61203112-3,0.6340395,c,"['0306060', '0401000', '0002990', '0507160', '0174070', '0101020', '0321000', '0234070', '0772320', '0000000', '0607120', '0227700', '0000000']"
53,"['0000000', '0000000', '0000000', '0000000', '0121100', '0009060', '0000000', '0222000', '0343060']",80114882-2,0.6337005,c,"['0306060', '0401000', '0002990', '0507160', '0174070', '0101020', '0321000', '0234070', '0772320', '0000000', '0607120', '0227700', '0000000']"
54,"['0232020', '0108040', '0222000', '0441270', '0000000', '0500060', '0601030', '0000000']",77867587-7,0.6332305,c,"['0306060', '0401000', '0002990', '0507160', '0174070', '0101020', '0321000', '0234070', '0772320', '0000000', '0607120', '0227700', '0000000']"
55,"['0002990', '0806010', '0373020', '0377100', '0540470', '0439000', '0000000', '0500060', '0601030', '0000000']",60820717-3,0.63241345,c,"['0306060', '0401000', '0002990', '0507160', '0174070', '0101020', '0321000', '0234070', '0772320', '0000000', '0607120', '0227700', '0000000']"
56,"['0321130', '0500000', '0002990', '0252300', '0249000', '0540470', '0000000', '0400170', '0311120', '0000000']",75423237-7,0.63125104,c,"['0306060', '0401000', '0002990', '0507160', '0174070', '0101020', '0321000', '0234070', '0772320', '0000000', '0607120', '0227700', '0000000']"
57,"['0400170', '0601050', '0601030', '0712910', '0275200', '0301120', '0000000', '0002000', '0320000', '0000000']",MA5AU6JP-0,0.6310856,c,"['0306060', '0401000', '0002990', '0507160', '0174070', '0101020', '0321000', '0234070', '0772320', '0000000', '0607120', '0227700', '0000000']"
58,"['0000000', '0000000', '0000000', '0121100', '0009060', '0000000', '0381170', '0405000', '0279120', '0228020', '0381120', '0320000', '0802270']",33623163-8,0.6306745,c,"['0306060', '0401000', '0002990', '0507160', '0174070', '0101020', '0321000', '0234070', '0772320', '0000000', '0607120', '0227700', '0000000']"
59,"['0121100', '0009060', '0002270', '0507160', '0202610', '0101020', '0269140', '0377470', '0347000', '0732120', '0002000', '0320000', '0802270']",MA5AQBWX-0,0.6301019,c,"['0306060', '0401000', '0002990', '0507160', '0174070', '0101020', '0321000', '0234070', '0772320', '0000000', '0607120', '0227700', '0000000']"
60,"['0000000', '0000000', '0000000', '0000000', '0000000', '0000000', '0227700', '0409040', '0000000', '0403300', '0807320', '0377470', '0276040']",61324351-5,0.62751746,c,"['0306060', '0401000', '0002990', '0507160', '0174070', '0101020', '0321000', '0234070', '0772320', '0000000', '0607120', '0227700', '0000000']"
61,"['0211000', '0381570', '0908010', '0500060', '0308040', '0321000', '0000000', '0209040', '0602400', '0000000']",76086917-1,0.62527156,c,"['0306060', '0401000', '0002990', '0507160', '0174070', '0101020', '0321000', '0234070', '0772320', '0000000', '0607120', '0227700', '0000000']"
62,"['0244010', '0104070', '0602270', '0222120', '0000000', '0402270', '0009060', '0000000', '0029210', '0222120', '0311960']",57159162-5,0.6234066,c,"['0306060', '0401000', '0002990', '0507160', '0174070', '0101020', '0321000', '0234070', '0772320', '0000000', '0607120', '0227700', '0000000']"
63,"['0002190', '0251000', '0000000', '0373020', '0302010', '0000000', '0353000', '0227720', '0600000', '0778020', '0602270']",MA102BWJ-9,0.62242115,c,"['0306060', '0401000', '0002990', '0507160', '0174070', '0101020', '0321000', '0234070', '0772320', '0000000', '0607120', '0227700', '0000000']"
64,"['0409040', '0442120', '0002270', '0269000', '0002990', '0415400', '0507160', '0174070', '0249000', '0540470']",31520567-6,0.6212186,c,"['0306060', '0401000', '0002990', '0507160', '0174070', '0101020', '0321000', '0234070', '0772320', '0000000', '0607120', '0227700', '0000000']"
65,"['0000000', '0000000', '0000000', '0121100', '0009060', '0000000', '0381170', '0405000', '0279120', '0228020']",10002435-X,0.62094533,c,"['0306060', '0401000', '0002990', '0507160', '0174070', '0101020', '0321000', '0234070', '0772320', '0000000', '0607120', '0227700', '0000000']"
66,"['0202320', '0371200', '0276020', '0311100', '0000000', '0002000', '0320000', '0000000', '0772470', '0287270']",MA5CPCGN-6,0.6196129,c,"['0306060', '0401000', '0002990', '0507160', '0174070', '0101020', '0321000', '0234070', '0772320', '0000000', '0607120', '0227700', '0000000']"
67,"['0000000', '0000000', '0000000', '0000000', '0252320', '0147270', '0377470', '0276040', '0000000', '0002000', '0320000', '0000000']",74599577-8,0.6191209,c,"['0306060', '0401000', '0002990', '0507160', '0174070', '0101020', '0321000', '0234070', '0772320', '0000000', '0607120', '0227700', '0000000']"
68,"['0409040', '0446060', '0002270', '0500000', '0321000', '0242100', '0101020']",75265410-3,0.61872053,c,"['0306060', '0401000', '0002990', '0507160', '0174070', '0101020', '0321000', '0234070', '0772320', '0000000', '0607120', '0227700', '0000000']"
69,"['0101010', '0444070', '0107170', '0428210', '0242100', '0904070', '0101020', '0269140', '0871040', '0949000', '0000000', '0211000', '0381570', '0000000']",69162434-8,0.6184318,c,"['0306060', '0401000', '0002990', '0507160', '0174070', '0101020', '0321000', '0234070', '0772320', '0000000', '0607120', '0227700', '0000000']"
70,"['0408000', '0101020', '0249000', '0540470', '0000000', '0211000', '0381570', '0000000']",68223019-5,0.6179455,c,"['0306060', '0401000', '0002990', '0507160', '0174070', '0101020', '0321000', '0234070', '0772320', '0000000', '0607120', '0227700', '0000000']"
71,"['0211000', '0381570', '0377200', '0343080', '0507160', '0281120', '0000000', '0209040', '0602400', '0000000']",83281712-8,0.6174481,c,"['0306060', '0401000', '0002990', '0507160', '0174070', '0101020', '0321000', '0234070', '0772320', '0000000', '0607120', '0227700', '0000000']"
72,"['0272320', '0227700', '0244010', '0772100', '0507160', '0174070']",30904685-9,0.61691743,c,"['0306060', '0401000', '0002990', '0507160', '0174070', '0101020', '0321000', '0234070', '0772320', '0000000', '0607120', '0227700', '0000000']"
73,"['0002000', '0409040', '0244010', '0002270', '0000000', '0108040', '0351070', '0000000', '0252070', '0210270', '0500070', '0274270', '0722210']",71419976-2,0.6164571,c,"['0306060', '0401000', '0002990', '0507160', '0174070', '0101020', '0321000', '0234070', '0772320', '0000000', '0607120', '0227700', '0000000']"
74,"['0211000', '0381570', '0176020', '0321000', '0500060', '0277100', '0507160', '0174070', '0449000', '0949000']",70301070-7,0.6144639,c,"['0306060', '0401000', '0002990', '0507160', '0174070', '0101020', '0321000', '0234070', '0772320', '0000000', '0607120', '0227700', '0000000']"
75,"['0000000', '0000000', '0000000', '0000000', '0443300', '0320000', '0000000', '0553310', '0101020', '0540470', '0439000']",73333849-8,0.6134869,c,"['0306060', '0401000', '0002990', '0507160', '0174070', '0101020', '0321000', '0234070', '0772320', '0000000', '0607120', '0227700', '0000000']"
76,"['0000000', '0000000', '0000000', '0409170', '0320000', '0171020', '0530120', '0260000', '0147270', '0242100']",69171572-5,0.61319435,c,"['0306060', '0401000', '0002990', '0507160', '0174070', '0101020', '0321000', '0234070', '0772320', '0000000', '0607120', '0227700', '0000000']"
77,"['0729040', '0806010', '0249000', '0000000', '0108040', '0351070', '0000000', '0902120', '0507160']",72446680-X,0.6123804,c,"['0306060', '0401000', '0002990', '0507160', '0174070', '0101020', '0321000', '0234070', '0772320', '0000000', '0607120', '0227700', '0000000']"
78,"['0212200', '0727400', '0621270', '0621270', '0271060', '0000000', '0002000', '0320000', '0000000', '0251000', '0403330', '0371160', '0321000', '0104400', '0234070']",MA59THQJ-X,0.6115972,c,"['0306060', '0401000', '0002990', '0507160', '0174070', '0101020', '0321000', '0234070', '0772320', '0000000', '0607120', '0227700', '0000000']"
79,"['0404070', '0867270', '0377170', '0000000', '0002000', '0320000', '0000000', '0807320', '0606600']",61842640-9,0.6113384,c,"['0306060', '0401000', '0002990', '0507160', '0174070', '0101020', '0321000', '0234070', '0772320', '0000000', '0607120', '0227700', '0000000']"
80,"['0237500', '0772670', '0227700', '0234070', '0772320', '0000000', '0530120', '0772470', '0000000']",78226622-4,0.6111503,c,"['0306060', '0401000', '0002990', '0507160', '0174070', '0101020', '0321000', '0234070', '0772320', '0000000', '0607120', '0227700', '0000000']"
81,"['0211000', '0381570', '0002270', '0409040', '0371200', '0000000', '0209040', '0602400', '0000000']",MA1FL54J-1,0.61061746,c,"['0306060', '0401000', '0002990', '0507160', '0174070', '0101020', '0321000', '0234070', '0772320', '0000000', '0607120', '0227700', '0000000']"
82,"['0202610', '0229000', '0000000', '0212100', '0503400', '0000000', '0002270', '0021270', '0601020', '0109010', '0249000', '0540470']",MA64AF3G-7,0.6103475,c,"['0306060', '0401000', '0002990', '0507160', '0174070', '0101020', '0321000', '0234070', '0772320', '0000000', '0607120', '0227700', '0000000']"
83,"['0602120', '0220000', '0601030', '0002990', '0407320', '0002140', '0407320', '0321000']",07243407-8,0.6099378,c,"['0306060', '0401000', '0002990', '0507160', '0174070', '0101020', '0321000', '0234070', '0772320', '0000000', '0607120', '0227700', '0000000']"
84,"['0002000', '0320000', '0002270', '0464000', '0500000', '0609040', '0174070', '0377200', '0650900', '0807320', '0606600']",X1879704-6,0.6094488,c,"['0306060', '0401000', '0002990', '0507160', '0174070', '0101020', '0321000', '0234070', '0772320', '0000000', '0607120', '0227700', '0000000']"
85,"['0282940', '0320000', '0002270', '0029210', '0540470', '0439000', '0002010', '0321000', '0104400', '0234070', '0717140', '0002010', '0321000', '0441040', '0801090']",MA20ME16-4,0.60941637,c,"['0306060', '0401000', '0002990', '0507160', '0174070', '0101020', '0321000', '0234070', '0772320', '0000000', '0607120', '0227700', '0000000']"
86,"['0100000', '0478010', '0111120', '0601030', '0712910', '0082320', '0212210', '0342100', '0000000', '0121100', '0009060', '0000000', '0141270', '0489320', '0370010', '0002270', '0076270']",MA01PND6-9,0.6093563,c,"['0306060', '0401000', '0002990', '0507160', '0174070', '0101020', '0321000', '0234070', '0772320', '0000000', '0607120', '0227700', '0000000']"
87,"['0321210', '0311120', '0002320', '0402070', '0507160', '0174070', '0249000', '0540470', '0772470', '0282270']",72453150-1,0.6092628,c,"['0306060', '0401000', '0002990', '0507160', '0174070', '0101020', '0321000', '0234070', '0772320', '0000000', '0607120', '0227700', '0000000']"
88,"['0409040', '0002270', '0910160', '0509090', '0252320', '0147270', '0540470', '0439000', '0000000', '0446060', '0600000', '0000000']",59092637-1,0.6081666,c,"['0306060', '0401000', '0002990', '0507160', '0174070', '0101020', '0321000', '0234070', '0772320', '0000000', '0607120', '0227700', '0000000']"
89,"['0211000', '0381570', '0511120', '0600000', '0431500', '0002270', '0105060', '0029210', '0154000', '0377470', '0234070', '0772320']",MA1G5MWY-2,0.6060892,c,"['0306060', '0401000', '0002990', '0507160', '0174070', '0101020', '0321000', '0234070', '0772320', '0000000', '0607120', '0227700', '0000000']"
90,"['0311070', '0320000', '0244010', '0446010', '0407320', '0321000', '0249000', '0540470', '0234070', '0772320']",33780319-1,0.60607654,c,"['0306060', '0401000', '0002990', '0507160', '0174070', '0101020', '0321000', '0234070', '0772320', '0000000', '0607120', '0227700', '0000000']"
91,"['0000000', '0000000', '0000000', '0000000', '0443300', '0320000', '0000000', '0111900', '0262940', '0772200', '0377170']",73225277-2,0.6060388,c,"['0306060', '0401000', '0002990', '0507160', '0174070', '0101020', '0321000', '0234070', '0772320', '0000000', '0607120', '0227700', '0000000']"
92,"['0244010', '0371200', '0601020', '0441120', '0000000', '0121100', '0009060', '0000000', '0275200', '0321000', '0887770', '0161150', '0381570', '0331810', '0802270']",MA018W1F-8,0.60591495,c,"['0306060', '0401000', '0002990', '0507160', '0174070', '0101020', '0321000', '0234070', '0772320', '0000000', '0607120', '0227700', '0000000']"
93,"['0311070', '0320000', '0244010', '0801270', '0407320', '0321000', '0234070', '0772320']",MA676EMP-X,0.6059034,c,"['0306060', '0401000', '0002990', '0507160', '0174070', '0101020', '0321000', '0234070', '0772320', '0000000', '0607120', '0227700', '0000000']"
94,"['0306060', '0817130', '0959270', '0307720', '0271120', '0252000', '0000000', '0607120', '0227700', '0000000']",70405251-1,0.60567486,c,"['0306060', '0401000', '0002990', '0507160', '0174070', '0101020', '0321000', '0234070', '0772320', '0000000', '0607120', '0227700', '0000000']"
95,"['0277120', '0348000', '0002270', '0502270', '0227700', '0717140', '0211120', '0302270', '0174070', '0002270', '0431500', '0275200', '0321000', '0887770', '0161150', '0500060', '0330000']",70124991-7,0.605399,c,"['0306060', '0401000', '0002990', '0507160', '0174070', '0101020', '0321000', '0234070', '0772320', '0000000', '0607120', '0227700', '0000000']"
96,"['0211000', '0381570', '0244010', '0104000', '0507160', '0174070', '0029210', '0449000', '0949000']",76161471-X,0.60530907,c,"['0306060', '0401000', '0002990', '0507160', '0174070', '0101020', '0321000', '0234070', '0772320', '0000000', '0607120', '0227700', '0000000']"
97,"['0500060', '0601030', '0082320', '0212210', '0342100', '0803360', '0342100', '0000000', '0201050', '0002840', '0000000', '0391200', '0411490', '0471820', '0717140', '0244010', '0304010', '0002000', '0471270', '0370010', '0002270', '0076270']",MA60PXWC-6,0.60513926,c,"['0306060', '0401000', '0002990', '0507160', '0174070', '0101020', '0321000', '0234070', '0772320', '0000000', '0607120', '0227700', '0000000']"
98,"['0211000', '0381570', '0620490', '0424470', '0772470', '0347320', '0435270', '0949000', '0778020', '0602270', '0500060', '0330000', '0000000', '0402270', '0772320', '0806010', '0292800', '0000000']",MA1JBRW8-9,0.6048757,c,"['0306060', '0401000', '0002990', '0507160', '0174070', '0101020', '0321000', '0234070', '0772320', '0000000', '0607120', '0227700', '0000000']"
99,"['0101010', '0601050', '0201050', '0101020', '0321000', '0000000', '0449040', '0532000', '0000000']",78610165-4,0.6044523,c,"['0306060', '0401000', '0002990', '0507160', '0174070', '0101020', '0321000', '0234070', '0772320', '0000000', '0607120', '0227700', '0000000']"
100,"['0301030', '0374040', '0601000', '0242100', '0000000', '0371200', '0121100', '0000000']",78447895-X,0.60443616,c,"['0306060', '0401000', '0002990', '0507160', '0174070', '0101020', '0321000', '0234070', '0772320', '0000000', '0607120', '0227700', '0000000']"
101,"['0252270', '0227700', '0002270', '0500060', '0229000', '0373010', '0507160', '0174070', '0449000', '0949000']",MA4UWRKH-6,0.6042819,c,"['0306060', '0401000', '0002990', '0507160', '0174070', '0101020', '0321000', '0234070', '0772320', '0000000', '0607120', '0227700', '0000000']"
102,"['0211000', '0381570', '0441120', '0002010', '0000000', '0209040', '0602400', '0000000']",74491443-8,0.6040402,c,"['0306060', '0401000', '0002990', '0507160', '0174070', '0101020', '0321000', '0234070', '0772320', '0000000', '0607120', '0227700', '0000000']"
103,"['0211000', '0381570', '0909040', '0801010', '0601020', '0321000', '0234070', '0772320']",75759991-6,0.60312194,c,"['0306060', '0401000', '0002990', '0507160', '0174070', '0101020', '0321000', '0234070', '0772320', '0000000', '0607120', '0227700', '0000000']"
104,"['0500060', '0484400', '0307320', '0321000', '0000000', '0121100', '0009060', '0000000', '0209030', '0201120', '0209040', '0532000']",MA01R1N9-8,0.60216594,c,"['0306060', '0401000', '0002990', '0507160', '0174070', '0101020', '0321000', '0234070', '0772320', '0000000', '0607120', '0227700', '0000000']"
105,"['0500060', '0278040', '0772200', '0269000', '0000000', '0408000', '0343050', '0000000', '0106020', '0242100']",MA102C5F-7,0.6008421,c,"['0306060', '0401000', '0002990', '0507160', '0174070', '0101020', '0321000', '0234070', '0772320', '0000000', '0607120', '0227700', '0000000']"
106,"['0002000', '0409040', '0244010', '0249000', '0408000', '0154000', '0881170', '0540470', '0439000', '0104400', '0234070']",MA51BY4D-1,1.0,d,"['0002000', '0409040', '0244010', '0249000', '0408000', '0154000', '0881170', '0540470', '0439000', '0104400', '0234070']"
107,"['0108040', '0351070', '0104400', '0234070', '0717140', '0100000', '0381170', '0408000', '0808800', '0441040', '0441120', '0104400', '0234070', '0154000', '0377470']",34102866-9,0.6961233,d,"['0002000', '0409040', '0244010', '0249000', '0408000', '0154000', '0881170', '0540470', '0439000', '0104400', '0234070']"
108,"['0002000', '0304040', '0801090', '0401000', '0441120', '0104400', '0234070', '0570470', '0378020', '0000000', '0209040', '0602400', '0000000']",MA62B5QM-9,0.6655877,d,"['0002000', '0409040', '0244010', '0249000', '0408000', '0154000', '0881170', '0540470', '0439000', '0104400', '0234070']"
109,"['0244010', '0409040', '0154000', '0881170', '0377470', '0347000', '0116400', '0304170', '0732120', '0244010', '0409040', '0476270', '0002270', '0154000', '0881170', '0377470', '0347000', '0116400', '0304170', '0803360', '0732120']",06595226-4,0.6621151,d,"['0002000', '0409040', '0244010', '0249000', '0408000', '0154000', '0881170', '0540470', '0439000', '0104400', '0234070']"
110,"['0311070', '0320000', '0244010', '0446010', '0407320', '0321000', '0249000', '0540470', '0234070', '0772320']",33780319-1,0.64964116,d,"['0002000', '0409040', '0244010', '0249000', '0408000', '0154000', '0881170', '0540470', '0439000', '0104400', '0234070']"
111,"['0282940', '0320000', '0002270', '0029210', '0540470', '0439000', '0002010', '0321000', '0104400', '0234070', '0717140', '0002010', '0321000', '0441040', '0801090']",MA20ME16-4,0.6488411,d,"['0002000', '0409040', '0244010', '0249000', '0408000', '0154000', '0881170', '0540470', '0439000', '0104400', '0234070']"
112,"['0244010', '0409040', '0154000', '0881170', '0377470', '0347000', '0116400', '0304170', '0732120', '0244010', '0409040', '0154000', '0881170', '0377470', '0347000', '0116400', '0304170', '0803360', '0732120']",06257249-3,0.64785874,d,"['0002000', '0409040', '0244010', '0249000', '0408000', '0154000', '0881170', '0540470', '0439000', '0104400', '0234070']"
113,"['0409170', '0320000', '0404070', '0800000', '0251000', '0275200', '0540470', '0439000']",25394809-4,0.64709574,d,"['0002000', '0409040', '0244010', '0249000', '0408000', '0154000', '0881170', '0540470', '0439000', '0104400', '0234070']"
114,"['0108040', '0351070', '0509000', '0509000', '0249000', '0540470', '0431500', '0104400', '0234070']",08659693-2,0.6468522,d,"['0002000', '0409040', '0244010', '0249000', '0408000', '0154000', '0881170', '0540470', '0439000', '0104400', '0234070']"
115,"['0244010', '0371200', '0000000', '0211000', '0381570', '0000000', '0302270', '0441120', '0002010', '0104400', '0234070']",69723548-2,0.6437397,d,"['0002000', '0409040', '0244010', '0249000', '0408000', '0154000', '0881170', '0540470', '0439000', '0104400', '0234070']"
116,"['0227700', '0409040', '0220000', '0409040', '0154000', '0881170', '0101020', '0269140']",06119077-6,0.6392163,d,"['0002000', '0409040', '0244010', '0249000', '0408000', '0154000', '0881170', '0540470', '0439000', '0104400', '0234070']"
117,"['0271270', '0276010', '0409000', '0002240', '0302270', '0441120', '0002010', '0104400', '0234070', '0000000', '0209040', '0602400', '0000000']",77605978-X,0.63312864,d,"['0002000', '0409040', '0244010', '0249000', '0408000', '0154000', '0881170', '0540470', '0439000', '0104400', '0234070']"
118,"['0121100', '0009060', '0431500', '0002270', '0104400', '0234070', '0209040', '0602400', '0102270', '0002010', '0244010', '0442120', '0311640', '0002610']",80206089-X,0.6325352,d,"['0002000', '0409040', '0244010', '0249000', '0408000', '0154000', '0881170', '0540470', '0439000', '0104400', '0234070']"
119,"['0408000', '0101020', '0249000', '0540470', '0000000', '0211000', '0381570', '0000000']",68223019-5,0.6304208,d,"['0002000', '0409040', '0244010', '0249000', '0408000', '0154000', '0881170', '0540470', '0439000', '0104400', '0234070']"
120,"['0244010', '0409040', '0154000', '0881170', '0377470', '0347000', '0116400', '0304170', '0732120', '0578120', '0520000', '0154000', '0881170', '0377470', '0347000', '0732120']",06254286-8,0.62860775,d,"['0002000', '0409040', '0244010', '0249000', '0408000', '0154000', '0881170', '0540470', '0439000', '0104400', '0234070']"
121,"['0244010', '0340270', '0540470', '0439000', '0201050', '0002840', '0802270']",59516677-0,0.6274084,d,"['0002000', '0409040', '0244010', '0249000', '0408000', '0154000', '0881170', '0540470', '0439000', '0104400', '0234070']"
122,"['0002000', '0409040', '0154000', '0337500', '0154000', '0881170', '0101020', '0269140']",MA5FAW15-9,0.62643206,d,"['0002000', '0409040', '0244010', '0249000', '0408000', '0154000', '0881170', '0540470', '0439000', '0104400', '0234070']"
123,"['0602120', '0220000', '0906020', '0176070', '0449040', '0449900', '0409000', '0104400', '0234070', '0880000', '0242100', '0802270']",MA5AM87D-8,0.6236084,d,"['0002000', '0409040', '0244010', '0249000', '0408000', '0154000', '0881170', '0540470', '0439000', '0104400', '0234070']"
124,"['0311200', '0121100', '0906020', '0154000', '0881170', '0249000', '0904070', '0116400', '0304170', '0732120']",40170138-5,0.6230222,d,"['0002000', '0409040', '0244010', '0249000', '0408000', '0154000', '0881170', '0540470', '0439000', '0104400', '0234070']"
125,"['0371200', '0121100', '0249000', '0904070', '0540470', '0439000', '0227720', '0220470', '0342100']",17756976-1,0.62154865,d,"['0002000', '0409040', '0244010', '0249000', '0408000', '0154000', '0881170', '0540470', '0439000', '0104400', '0234070']"
126,"['0108040', '0351070', '0002270', '0244010', '0772320', '0154000', '0881170', '0877200', '0241610', '0479200']",73547479-2,0.61755204,d,"['0002000', '0409040', '0244010', '0249000', '0408000', '0154000', '0881170', '0540470', '0439000', '0104400', '0234070']"
127,"['0002000', '0409040', '0906020', '0201050', '0101020', '0154000', '0881170', '0377470', '0347000', '0732120']",45585853-X,0.616045,d,"['0002000', '0409040', '0244010', '0249000', '0408000', '0154000', '0881170', '0540470', '0439000', '0104400', '0234070']"
128,"['0172320', '0242310', '0303040', '0606040', '0227700', '0002140', '0082320', '0381470', '0209040', '0602400', '0409940', '0449900', '0301020', '0800170', '0249000', '0540470', '0104400', '0234070']",MA08NTA4-5,0.6153666,d,"['0002000', '0409040', '0244010', '0249000', '0408000', '0154000', '0881170', '0540470', '0439000', '0104400', '0234070']"
129,"['0227700', '0409040', '0220000', '0101020', '0154000', '0184840', '0154000', '0881170', '0444270', '0274270']",78741516-1,0.61353505,d,"['0002000', '0409040', '0244010', '0249000', '0408000', '0154000', '0881170', '0540470', '0439000', '0104400', '0234070']"
130,"['0227700', '0409040', '0408000', '0171020', '0601030', '0712910', '0154000', '0881170', '0377470', '0347000']",73577188-5,0.61251605,d,"['0002000', '0409040', '0244010', '0249000', '0408000', '0154000', '0881170', '0540470', '0439000', '0104400', '0234070']"
131,"['0104400', '0104090', '0002270', '0409040', '0234070', '0221400', '0321000']",MA4UUX1A-3,0.6118128,d,"['0002000', '0409040', '0244010', '0249000', '0408000', '0154000', '0881170', '0540470', '0439000', '0104400', '0234070']"
132,"['0500060', '0249000', '0600150', '0353090', '0000000', '0002000', '0409040', '0000000', '0249000', '0540470']",MA552JPG-3,0.6103667,d,"['0002000', '0409040', '0244010', '0249000', '0408000', '0154000', '0881170', '0540470', '0439000', '0104400', '0234070']"
133,"['0343080', '0320000', '0002270', '0373020', '0220000', '0717140', '0244010', '0184840', '0164800', '0321000', '0540470', '0439000', '0401610', '0327000', '0904070', '0409480']",MA10R0GK-2,0.6101415,d,"['0002000', '0409040', '0244010', '0249000', '0408000', '0154000', '0881170', '0540470', '0439000', '0104400', '0234070']"
134,"['0211000', '0381570', '0772270', '0154000', '0302270', '0441120', '0002010', '0104400', '0234070']",70333665-1,0.60997415,d,"['0002000', '0409040', '0244010', '0249000', '0408000', '0154000', '0881170', '0540470', '0439000', '0104400', '0234070']"
135,"['0371940', '0421000', '0244010', '0408000', '0441040', '0608040', '0302320', '0602120', '0154000', '0377470', '0234070', '0772320']",MA5F0G4Y-7,0.6097946,d,"['0002000', '0409040', '0244010', '0249000', '0408000', '0154000', '0881170', '0540470', '0439000', '0104400', '0234070']"
136,"['0122340', '0302320', '0600000', '0509090', '0341610', '0154000', '0449000', '0249000', '0540470']",MA0EQGPH-3,0.6080026,d,"['0002000', '0409040', '0244010', '0249000', '0408000', '0154000', '0881170', '0540470', '0439000', '0104400', '0234070']"
137,"['0409040', '0774400', '0106000', '0321000', '0104400', '0234070']",70910626-7,0.60791725,d,"['0002000', '0409040', '0244010', '0249000', '0408000', '0154000', '0881170', '0540470', '0439000', '0104400', '0234070']"
138,"['0306060', '0401000', '0475820', '0252000', '0249000', '0540470', '0000000', '0227700', '0409040', '0000000']",79036309-2,0.60722005,d,"['0002000', '0409040', '0244010', '0249000', '0408000', '0154000', '0881170', '0540470', '0439000', '0104400', '0234070']"
139,"['0500060', '0249000', '0244010', '0792270', '0000000', '0712470', '0370010', '0000000', '0249000', '0540470']",MA33R8F9-3,0.6069836,d,"['0002000', '0409040', '0244010', '0249000', '0408000', '0154000', '0881170', '0540470', '0439000', '0104400', '0234070']"
140,"['0002990', '0430140', '0242100', '0532000', '0000000', '0108040', '0351070', '0000000', '0441270', '0275200', '0222000', '0276040', '0540470', '0439000']",67597842-9,0.6067914,d,"['0002000', '0409040', '0244010', '0249000', '0408000', '0154000', '0881170', '0540470', '0439000', '0104400', '0234070']"
141,"['0131400', '0371400', '0002270', '0777820', '0308020', '0106020', '0351600', '0540470', '0439000', '0104400', '0234070']",78199494-0,0.6057505,d,"['0002000', '0409040', '0244010', '0249000', '0408000', '0154000', '0881170', '0540470', '0439000', '0104400', '0234070']"
142,"['0409170', '0320000', '0101010', '0104090', '0251000', '0275200', '0540470', '0439000']",72005112-1,0.60525006,d,"['0002000', '0409040', '0244010', '0249000', '0408000', '0154000', '0881170', '0540470', '0439000', '0104400', '0234070']"
143,"['0431500', '0600000', '0777320', '0404070', '0202610', '0129000', '0400270', '0104400', '0234070']",56347089-0,0.60452366,d,"['0002000', '0409040', '0244010', '0249000', '0408000', '0154000', '0881170', '0540470', '0439000', '0104400', '0234070']"
144,"['0409040', '0442120', '0002270', '0269000', '0002990', '0415400', '0507160', '0174070', '0249000', '0540470']",31520567-6,0.6029886,d,"['0002000', '0409040', '0244010', '0249000', '0408000', '0154000', '0881170', '0540470', '0439000', '0104400', '0234070']"
145,"['0002000', '0409040', '0002270', '0429280', '0154000', '0881170', '0377470', '0347000', '0732120']",19146575-8,0.60141367,d,"['0002000', '0409040', '0244010', '0249000', '0408000', '0154000', '0881170', '0540470', '0439000', '0104400', '0234070']"
146,"['0002270', '0401270', '0002270', '0431500', '0002270', '0154000', '0377470', '0570470', '0378020', '0104400', '0234070']",72161959-1,0.6012893,d,"['0002000', '0409040', '0244010', '0249000', '0408000', '0154000', '0881170', '0540470', '0439000', '0104400', '0234070']"
147,"['0500060', '0443300', '0601030', '0712910', '0209040', '0532000', '0507160', '0671640', '0029210', '0540470', '0439000', '0116400', '0234070', '0000000', '0211000', '0381570', '0000000']",31057582-X,0.60082185,d,"['0002000', '0409040', '0244010', '0249000', '0408000', '0154000', '0881170', '0540470', '0439000', '0104400', '0234070']"
148,"['0302010', '0341470', '0222120', '0401000', '0373020', '0202610', '0377470', '0276040']",72049850-5,1.0,e,"['0302010', '0341470', '0222120', '0401000', '0373020', '0202610', '0377470', '0276040']"
149,"['0302010', '0341470', '0371840', '0806010', '0772200', '0271640', '0373020', '0202610', '0377470', '0276040']",74216645-6,0.81947947,e,"['0302010', '0341470', '0222120', '0401000', '0373020', '0202610', '0377470', '0276040']"
150,"['0302010', '0341470', '0702150', '0532000', '0129000', '0371570', '0242100', '0377470', '0276040', '0222000', '0343060']",30900103-6,0.66519684,e,"['0302010', '0341470', '0222120', '0401000', '0373020', '0202610', '0377470', '0276040']"
151,"['0409040', '0442120', '0371270', '0304010', '0260000', '0147270', '0242100', '0377470', '0276040']",06845791-2,0.611047,e,"['0302010', '0341470', '0222120', '0401000', '0373020', '0202610', '0377470', '0276040']"
152,"['0311120', '0106040', '0278040', '0373020', '0202610', '0263300', '0002010', '0321000']",71658733-7,0.6089873,e,"['0302010', '0341470', '0222120', '0401000', '0373020', '0202610', '0377470', '0276040']"
153,"['0601000', '0673360', '0002270', '0800000', '0343080', '0373020', '0377100', '0377470', '0276040']",72754291-9,0.6008155,e,"['0302010', '0341470', '0222120', '0401000', '0373020', '0202610', '0377470', '0276040']"
154,"['0321210', '0311120', '0801040', '0603300', '0249000', '0540470', '0772470', '0282270']",MA29FRYJ-6,0.9999999,f,"['0321210', '0311120', '0801040', '0603300', '0249000', '0540470', '0772470', '0282270']"
155,"['0311120', '0443300', '0500060', '0108040', '0249000', '0540470', '0772470', '0282270']",13867094-7,0.77944946,f,"['0321210', '0311120', '0801040', '0603300', '0249000', '0540470', '0772470', '0282270']"
156,"['0321210', '0311120', '0244010', '0276200', '0702270', '0106010', '0249000', '0540470', '0772470', '0282270']",77436460-9,0.7563759,f,"['0321210', '0311120', '0801040', '0603300', '0249000', '0540470', '0772470', '0282270']"
157,"['0321210', '0311120', '0002320', '0402070', '0507160', '0174070', '0249000', '0540470', '0772470', '0282270']",72453150-1,0.7242677,f,"['0321210', '0311120', '0801040', '0603300', '0249000', '0540470', '0772470', '0282270']"
158,"['0311120', '0443300', '0774400', '0606000', '0251000', '0275200', '0249000', '0540470', '0772470', '0282270']",72221847-4,0.7030699,f,"['0321210', '0311120', '0801040', '0603300', '0249000', '0540470', '0772470', '0282270']"
159,"['0448010', '0311960', '0002270', '0029210', '0249000', '0540470', '0209040', '0602400', '0772470', '0282270']",72610614-6,0.6760398,f,"['0321210', '0311120', '0801040', '0603300', '0249000', '0540470', '0772470', '0282270']"
160,"['0321210', '0311120', '0102120', '0381570', '0249000', '0540470']",MA281H0U-5,0.67282283,f,"['0321210', '0311120', '0801040', '0603300', '0249000', '0540470', '0772470', '0282270']"
161,"['0321210', '0311120', '0106040', '0603300', '0673360', '0670200', '0249000', '0540470']",MA2DCEJP-1,0.6627497,f,"['0321210', '0311120', '0801040', '0603300', '0249000', '0540470', '0772470', '0282270']"
162,"['0321210', '0311120', '0801040', '0449120', '0251000', '0275200', '0249000', '0540470']",32824825-3,0.6532007,f,"['0321210', '0311120', '0801040', '0603300', '0249000', '0540470', '0772470', '0282270']"
163,"['0602120', '0220000', '0249000', '0282120', '0441270', '0321000', '0772470', '0282270']",20260067-X,0.65272546,f,"['0321210', '0311120', '0801040', '0603300', '0249000', '0540470', '0772470', '0282270']"
164,"['0029210', '0111160', '0108040', '0227700', '0950270', '0224100', '0321000', '0249000', '0540470', '0772470', '0282270']",MA77Y68N-7,0.63373333,f,"['0321210', '0311120', '0801040', '0603300', '0249000', '0540470', '0772470', '0282270']"
165,"['0311120', '0443300', '0371200', '0311200', '0301270', '0311640', '0321000', '0772470', '0282270']",33898460-9,0.6318581,f,"['0321210', '0311120', '0801040', '0603300', '0249000', '0540470', '0772470', '0282270']"
166,"['0107320', '0402270', '0107320', '0570470', '0251000', '0403330', '0111900', '0401120', '0249000', '0540470', '0772470', '0282270']",21815468-6,0.62882435,f,"['0321210', '0311120', '0801040', '0603300', '0249000', '0540470', '0772470', '0282270']"
167,"['0381570', '0402270', '0908010', '0311120', '0371160', '0321000', '0249000', '0540470']",MA5T10NX-4,0.6276514,f,"['0321210', '0311120', '0801040', '0603300', '0249000', '0540470', '0772470', '0282270']"
168,"['0311120', '0443300', '0340270', '0408010', '0251000', '0275200', '0717180', '0441270', '0540470', '0439000', '0772470', '0282270']",67984727-4,0.6259849,f,"['0321210', '0311120', '0801040', '0603300', '0249000', '0540470', '0772470', '0282270']"
169,"['0508020', '0320000', '0211000', '0381570', '0476200', '0002840', '0809040', '0901040', '0251000', '0275200', '0249000', '0540470', '0441270', '0321000', '0772470', '0282270']",MA6DMBQG-6,0.62216276,f,"['0321210', '0311120', '0801040', '0603300', '0249000', '0540470', '0772470', '0282270']"
170,"['0121100', '0009060', '0507160', '0530120', '0204070', '0603300', '0104400', '0249000', '0540470']",08049848-5,0.61673886,f,"['0321210', '0311120', '0801040', '0603300', '0249000', '0540470', '0772470', '0282270']"
171,"['0121100', '0009060', '0152360', '0304040', '0245410', '0866000', '0222120', '0249000', '0540470', '0772470', '0282270']",56954447-5,0.6131995,f,"['0321210', '0311120', '0801040', '0603300', '0249000', '0540470', '0772470', '0282270']"
172,"['0002000', '0409040', '0402270', '0479100', '0301030', '0251000', '0275200', '0249000', '0540470', '0772470', '0282270']",58296164-4,0.6115823,f,"['0321210', '0311120', '0801040', '0603300', '0249000', '0540470', '0772470', '0282270']"
173,"['0311120', '0443300', '0808800', '0404070', '0908010', '0269000', '0446000', '0321000', '0249000', '0540470']",05520869-3,0.6114484,f,"['0321210', '0311120', '0801040', '0603300', '0249000', '0540470', '0772470', '0282270']"
174,"['0311200', '0121100', '0500060', '0249000', '0108040', '0603300', '0807320', '0606600']",78981468-4,0.6082511,f,"['0321210', '0311120', '0801040', '0603300', '0249000', '0540470', '0772470', '0282270']"
175,"['0311120', '0443300', '0121270', '0532000', '0277120', '0347320', '0249000', '0540470']",MA1MQPUF-2,0.6057234,f,"['0321210', '0311120', '0801040', '0603300', '0249000', '0540470', '0772470', '0282270']"
176,"['0311120', '0443300', '0309020', '0404070', '0807320', '0606600', '0249000', '0540470']",09415252-2,0.6056098,f,"['0321210', '0311120', '0801040', '0603300', '0249000', '0540470', '0772470', '0282270']"
177,"['0500060', '0106000', '0801090', '0321000', '0772470', '0282270']",26717678-5,0.6029693,f,"['0321210', '0311120', '0801040', '0603300', '0249000', '0540470', '0772470', '0282270']"
178,"['0806010', '0282110', '0801090', '0002540', '0002270', '0321000', '0877320', '0212210', '0772470', '0282270', '0443300', '0320000', '0802270', '0212210']",56688120-6,0.60087264,f,"['0321210', '0311120', '0801040', '0603300', '0249000', '0540470', '0772470', '0282270']"
179,"['0002000', '0320000', '0774400', '0400270', '0311640', '0321000']",58186984-6,0.99999994,g,"['0002000', '0320000', '0774400', '0400270', '0311640', '0321000']"
180,"['0002000', '0320000', '0406000', '0002140', '0311640', '0321000']",MA5AR1YU-7,0.77148914,g,"['0002000', '0320000', '0774400', '0400270', '0311640', '0321000']"
181,"['0002000', '0320000', '0902120', '0244010', '0311640', '0321000']",MA5AXRBG-X,0.7444279,g,"['0002000', '0320000', '0774400', '0400270', '0311640', '0321000']"
182,"['0121100', '0009060', '0774400', '0002840', '0269000', '0311640', '0321000']",10180217-6,0.7195284,g,"['0002000', '0320000', '0774400', '0400270', '0311640', '0321000']"
183,"['0002000', '0409040', '0371200', '0908010', '0311640', '0321000']",MA51EPPH-X,0.67159647,g,"['0002000', '0320000', '0774400', '0400270', '0311640', '0321000']"
184,"['0407100', '0108040', '0602120', '0204070', '0311640', '0002610', '0000000', '0002000', '0320000', '0000000']",56021326-6,0.6570695,g,"['0002000', '0320000', '0774400', '0400270', '0311640', '0321000']"
185,"['0774400', '0409040', '0772150', '0002410', '0311640', '0002610']",MA0QFEXF-3,0.63215184,g,"['0002000', '0320000', '0774400', '0400270', '0311640', '0321000']"
186,"['0311200', '0402270', '0260000', '0801090', '0311640', '0321000']",MA456QHW-2,0.6264085,g,"['0002000', '0320000', '0774400', '0400270', '0311640', '0321000']"
187,"['0409040', '0774400', '0106000', '0321000', '0104400', '0234070']",70910626-7,0.62144744,g,"['0002000', '0320000', '0774400', '0400270', '0311640', '0321000']"
188,"['0311120', '0443300', '0502270', '0442140', '0245100', '0774400', '0311640', '0321000', '0772470', '0282270']",MA1W49FP-4,0.62045,g,"['0002000', '0320000', '0774400', '0400270', '0311640', '0321000']"
189,"['0304040', '0282400', '0906020', '0772100', '0762000', '0777320', '0408000', '0670200', '0311640', '0321000']",MA2N6T8K-8,0.6134689,g,"['0002000', '0320000', '0774400', '0400270', '0311640', '0321000']"
190,"['0002000', '0409040', '0906020', '0129000', '0229000', '0507160', '0400270', '0447270', '0321000', '0377470', '0347000', '0116400', '0304170', '0732120']",45585813-4,0.61012906,g,"['0002000', '0320000', '0774400', '0400270', '0311640', '0321000']"
191,"['0121100', '0009060', '0002270', '0507160', '0202610', '0101020', '0269140', '0377470', '0347000', '0732120', '0002000', '0320000', '0802270']",MA5AQBWX-0,1.0,h,"['0121100', '0009060', '0002270', '0507160', '0202610', '0101020', '0269140', '0377470', '0347000', '0732120', '0002000', '0320000', '0802270']"
192,"['0121100', '0009060', '0002270', '0507160', '0202610', '0101020', '0269140', '0377470', '0347000', '0732120']",10150788-X,0.95503277,h,"['0121100', '0009060', '0002270', '0507160', '0202610', '0101020', '0269140', '0377470', '0347000', '0732120', '0002000', '0320000', '0802270']"
193,"['0121100', '0009060', '0002270', '0101020', '0321000', '0377470', '0347000', '0116400', '0304170', '0732120']",71770271-2,0.7562285,h,"['0121100', '0009060', '0002270', '0507160', '0202610', '0101020', '0269140', '0377470', '0347000', '0732120', '0002000', '0320000', '0802270']"
194,"['0121100', '0009060', '0507160', '0202610', '0578120', '0520000', '0377470', '0347000', '0732120']",10194006-9,0.75195295,h,"['0121100', '0009060', '0002270', '0507160', '0202610', '0101020', '0269140', '0377470', '0347000', '0732120', '0002000', '0320000', '0802270']"
195,"['0121100', '0009060', '0602120', '0802270', '0269000', '0570270', '0479100', '0507160', '0101020', '0269140']",59968182-5,0.7308918,h,"['0121100', '0009060', '0002270', '0507160', '0202610', '0101020', '0269140', '0377470', '0347000', '0732120', '0002000', '0320000', '0802270']"
196,"['0211000', '0381570', '0002270', '0129000', '0229000', '0101020', '0269140', '0377470', '0347000', '0116400', '0304170', '0732120']",42500240-7,0.7277795,h,"['0121100', '0009060', '0002270', '0507160', '0202610', '0101020', '0269140', '0377470', '0347000', '0732120', '0002000', '0320000', '0802270']"
197,"['0002000', '0320000', '0409040', '0212210', '0154000', '0377470', '0101020', '0269140']",MA5C4BMC-7,0.7156894,h,"['0121100', '0009060', '0002270', '0507160', '0202610', '0101020', '0269140', '0377470', '0347000', '0732120', '0002000', '0320000', '0802270']"
198,"['0121100', '0009060', '0602120', '0802270', '0772200', '0827000', '0347320', '0287270', '0101020', '0269140']",80173956-9,0.71251345,h,"['0121100', '0009060', '0002270', '0507160', '0202610', '0101020', '0269140', '0377470', '0347000', '0732120', '0002000', '0320000', '0802270']"
199,"['0500060', '0948940', '0882270', '0101010', '0154000', '0377470', '0209040', '0602400', '0479100', '0507160', '0304040', '0347320', '0101020', '0269140', '0301150', '0121100', '0430140', '0371200', '0802270']",MA2UEB2P-1,0.7058057,h,"['0121100', '0009060', '0002270', '0507160', '0202610', '0101020', '0269140', '0377470', '0347000', '0732120', '0002000', '0320000', '0802270']"
200,"['0121100', '0009060', '0102120', '0308060', '0801190', '0371270', '0154000', '0377470', '0101020', '0269140']",MA01UBHN-8,0.7051889,h,"['0121100', '0009060', '0002270', '0507160', '0202610', '0101020', '0269140', '0377470', '0347000', '0732120', '0002000', '0320000', '0802270']"
201,"['0121100', '0009060', '0801040', '0210820', '0307320', '0343080', '0154000', '0377470', '0101020', '0269140']",70035034-3,0.7033727,h,"['0121100', '0009060', '0002270', '0507160', '0202610', '0101020', '0269140', '0377470', '0347000', '0732120', '0002000', '0320000', '0802270']"
202,"['0500060', '0121270', '0446060', '0343060', '0000000', '0002000', '0320000', '0000000', '0101020', '0269140']",MA5C43FU-8,0.703257,h,"['0121100', '0009060', '0002270', '0507160', '0202610', '0101020', '0269140', '0377470', '0347000', '0732120', '0002000', '0320000', '0802270']"
203,"['0121100', '0009060', '0500060', '0339040', '0154000', '0377470', '0101020', '0269140']",MA01MFQT-1,0.6946149,h,"['0121100', '0009060', '0002270', '0507160', '0202610', '0101020', '0269140', '0377470', '0347000', '0732120', '0002000', '0320000', '0802270']"
204,"['0002000', '0409040', '0166020', '0449140', '0602120', '0302270', '0441120', '0002010', '0202610', '0263300', '0376080', '0377200', '0121100', '0009060', '0802270']",08281428-5,0.6938499,h,"['0121100', '0009060', '0002270', '0507160', '0202610', '0101020', '0269140', '0377470', '0347000', '0732120', '0002000', '0320000', '0802270']"
205,"['0121100', '0009060', '0102120', '0002270', '0531020', '0347320', '0287270', '0101020', '0269140']",MA01D25R-7,0.69217134,h,"['0121100', '0009060', '0002270', '0507160', '0202610', '0101020', '0269140', '0377470', '0347000', '0732120', '0002000', '0320000', '0802270']"
206,"['0002000', '0409040', '0906020', '0129000', '0229000', '0507160', '0400270', '0447270', '0321000', '0377470', '0347000', '0116400', '0304170', '0732120']",45585813-4,0.6915934,h,"['0121100', '0009060', '0002270', '0507160', '0202610', '0101020', '0269140', '0377470', '0347000', '0732120', '0002000', '0320000', '0802270']"
207,"['0121100', '0009060', '0102120', '0222270', '0373020', '0002270', '0181400', '0101020', '0269140']",MA01H3AD-9,0.6857004,h,"['0121100', '0009060', '0002270', '0507160', '0202610', '0101020', '0269140', '0377470', '0347000', '0732120', '0002000', '0320000', '0802270']"
208,"['0002000', '0409040', '0906020', '0201050', '0101020', '0154000', '0881170', '0377470', '0347000', '0732120']",45585853-X,0.67249966,h,"['0121100', '0009060', '0002270', '0507160', '0202610', '0101020', '0269140', '0377470', '0347000', '0732120', '0002000', '0320000', '0802270']"
209,"['0202610', '0229000', '0000000', '0212100', '0503400', '0000000', '0002270', '0021270', '0601020', '0109010', '0249000', '0540470']",MA64AF3G-7,0.6677426,h,"['0121100', '0009060', '0002270', '0507160', '0202610', '0101020', '0269140', '0377470', '0347000', '0732120', '0002000', '0320000', '0802270']"
210,"['0121100', '0009060', '0102000', '0400270', '0343080', '0106000', '0227700', '0377470', '0276040']",56575811-8,0.66508186,h,"['0121100', '0009060', '0002270', '0507160', '0202610', '0101020', '0269140', '0377470', '0347000', '0732120', '0002000', '0320000', '0802270']"
211,"['0252270', '0227700', '0507160', '0400270', '0377470', '0347000', '0732120']",19353160-8,0.66315734,h,"['0121100', '0009060', '0002270', '0507160', '0202610', '0101020', '0269140', '0377470', '0347000', '0732120', '0002000', '0320000', '0802270']"
212,"['0371940', '0421000', '0002270', '0500060', '0002000', '0226020', '0401000', '0101020', '0269140']",MA5FA2BN-8,0.66124415,h,"['0121100', '0009060', '0002270', '0507160', '0202610', '0101020', '0269140', '0377470', '0347000', '0732120', '0002000', '0320000', '0802270']"
213,"['0002000', '0409040', '0906020', '0301470', '0509090', '0154000', '0377470', '0101020', '0269140']",MA524W2Q-2,0.6609772,h,"['0121100', '0009060', '0002270', '0507160', '0202610', '0101020', '0269140', '0377470', '0347000', '0732120', '0002000', '0320000', '0802270']"
214,"['0121100', '0009060', '0002270', '0122310', '0476270', '0431500', '0002270', '0578120', '0520000', '0154000', '0881170', '0377470', '0347000', '0732120']",70036279-0,0.659632,h,"['0121100', '0009060', '0002270', '0507160', '0202610', '0101020', '0269140', '0377470', '0347000', '0732120', '0002000', '0320000', '0802270']"
215,"['0121100', '0009060', '0002270', '0154000', '0881170', '0377470', '0347000', '0116400', '0304170', '0732120']",59769214-1,0.65866995,h,"['0121100', '0009060', '0002270', '0507160', '0202610', '0101020', '0269140', '0377470', '0347000', '0732120', '0002000', '0320000', '0802270']"
216,"['0121100', '0009060', '0500060', '0409820', '0121100', '0116400', '0702270', '0129000', '0347320', '0287270', '0101020', '0269140']",73557182-4,0.6566205,h,"['0121100', '0009060', '0002270', '0507160', '0202610', '0101020', '0269140', '0377470', '0347000', '0732120', '0002000', '0320000', '0802270']"
217,"['0121100', '0009060', '0002270', '0029210', '0102270', '0712400', '0302270', '0377470', '0276040']",10176681-4,0.6563916,h,"['0121100', '0009060', '0002270', '0507160', '0202610', '0101020', '0269140', '0377470', '0347000', '0732120', '0002000', '0320000', '0802270']"
218,"['0002000', '0409040', '0129000', '0249000', '0732120', '0447270', '0321000', '0377470', '0347000', '0732120']",73759424-5,0.65531653,h,"['0121100', '0009060', '0002270', '0507160', '0202610', '0101020', '0269140', '0377470', '0347000', '0732120', '0002000', '0320000', '0802270']"
219,"['0500060', '0484400', '0908010', '0321000', '0202610', '0263300', '0209030', '0201120', '0209040', '0532000', '0000000', '0121100', '0009060', '0000000']",MA01Q082-7,0.65104187,h,"['0121100', '0009060', '0002270', '0507160', '0202610', '0101020', '0269140', '0377470', '0347000', '0732120', '0002000', '0320000', '0802270']"
220,"['0104400', '0441000', '0002270', '0382510', '0882430', '0717140', '0449100', '0307320', '0202020', '0371160', '0908010', '0311960', '0129000', '0002010', '0802280', '0142120', '0407320', '0777470', '0503020', '0321000', '0806010', '0282110', '0342100']",MA448U3B-2,0.64988667,h,"['0121100', '0009060', '0002270', '0507160', '0202610', '0101020', '0269140', '0377470', '0347000', '0732120', '0002000', '0320000', '0802270']"
221,"['0202610', '0309020', '0500060', '0269000', '0807320', '0347000', '0210270', '0500070', '0274270', '0722210', '0000000', '0245410', '0152900', '0806010', '0373020', '0806010', '0292800', '0000000']",59235458-1,0.6496733,h,"['0121100', '0009060', '0002270', '0507160', '0202610', '0101020', '0269140', '0377470', '0347000', '0732120', '0002000', '0320000', '0802270']"
222,"['0121100', '0009060', '0008000', '0806010', '0601030', '0712910', '0347320', '0287270', '0101020', '0269140']",MA01D30J-2,0.6474681,h,"['0121100', '0009060', '0002270', '0507160', '0202610', '0101020', '0269140', '0377470', '0347000', '0732120', '0002000', '0320000', '0802270']"
223,"['0107320', '0402270', '0906020', '0129000', '0229000', '0129000', '0507160', '0447270', '0321000', '0377470', '0347000', '0116400', '0304170', '0732120']",43120143-7,0.64641464,h,"['0121100', '0009060', '0002270', '0507160', '0202610', '0101020', '0269140', '0377470', '0347000', '0732120', '0002000', '0320000', '0802270']"
224,"['0121100', '0009060', '0431500', '0002270', '0104400', '0234070', '0209040', '0602400', '0102270', '0002010', '0244010', '0442120', '0311640', '0002610']",80206089-X,0.6446799,h,"['0121100', '0009060', '0002270', '0507160', '0202610', '0101020', '0269140', '0377470', '0347000', '0732120', '0002000', '0320000', '0802270']"
225,"['0801020', '0762000', '0002270', '0408000', '0373020', '0371200', '0717140', '0441270', '0211000', '0129000', '0002010', '0802280', '0142120', '0503020', '0321000', '0806010', '0282110', '0342100']",MA4Q78KQ-8,0.6441025,h,"['0121100', '0009060', '0002270', '0507160', '0202610', '0101020', '0269140', '0377470', '0347000', '0732120', '0002000', '0320000', '0802270']"
226,"['0121100', '0009060', '0102120', '0101010', '0347320', '0287270', '0101020', '0269140']",55852314-2,0.643137,h,"['0121100', '0009060', '0002270', '0507160', '0202610', '0101020', '0269140', '0377470', '0347000', '0732120', '0002000', '0320000', '0802270']"
227,"['0002000', '0409040', '0337500', '0304040', '0202610', '0807320', '0347000', '0210270', '0500070', '0274270', '0722210', '0000000', '0245410', '0152900', '0806010', '0373020', '0806010', '0292800', '0000000']",MA9UQ94J-8,0.63906276,h,"['0121100', '0009060', '0002270', '0507160', '0202610', '0101020', '0269140', '0377470', '0347000', '0732120', '0002000', '0320000', '0802270']"
228,"['0121100', '0009060', '0500000', '0777470', '0772200', '0269000', '0601030', '0712910', '0407320', '0321000', '0249000', '0540470', '0234070', '0772320']",76627734-5,0.6389703,h,"['0121100', '0009060', '0002270', '0507160', '0202610', '0101020', '0269140', '0377470', '0347000', '0732120', '0002000', '0320000', '0802270']"
229,"['0227700', '0409040', '0408000', '0002650', '0154000', '0377470', '0101020', '0269140']",75176373-8,0.63792735,h,"['0121100', '0009060', '0002270', '0507160', '0202610', '0101020', '0269140', '0377470', '0347000', '0732120', '0002000', '0320000', '0802270']"
230,"['0121100', '0009060', '0121100', '0510110', '0129000', '0274270', '0377470', '0347000', '0116400', '0304170', '0732120']",58086501-8,0.63681996,h,"['0121100', '0009060', '0002270', '0507160', '0202610', '0101020', '0269140', '0377470', '0347000', '0732120', '0002000', '0320000', '0802270']"
231,"['0121100', '0009060', '0500060', '0409410', '0441040', '0321000', '0154000', '0881170', '0347320', '0287270', '0101020', '0269140']",MA01F100-2,0.6362277,h,"['0121100', '0009060', '0002270', '0507160', '0202610', '0101020', '0269140', '0377470', '0347000', '0732120', '0002000', '0320000', '0802270']"
232,"['0777170', '0006010', '0074270', '0469270', '0442320', '0406000', '0260000', '0331600', '0320000', '0129000', '0229000', '0129000', '0507160', '0447270', '0321000', '0377470', '0347000', '0732120']",45786769-1,0.6355794,h,"['0121100', '0009060', '0002270', '0507160', '0202610', '0101020', '0269140', '0377470', '0347000', '0732120', '0002000', '0320000', '0802270']"
233,"['0500060', '0601030', '0400000', '0407100', '0331600', '0209040', '0602400', '0101020', '0269140', '0249000', '0540470', '0802270']",MA2UM6AN-6,0.63475215,h,"['0121100', '0009060', '0002270', '0507160', '0202610', '0101020', '0269140', '0377470', '0347000', '0732120', '0002000', '0320000', '0802270']"
234,"['0806010', '0772170', '0002270', '0154000', '0377470', '0570470', '0378020', '0530120', '0772470', '0000000', '0209040', '0602400', '0000000']",79012291-7,0.633559,h,"['0121100', '0009060', '0002270', '0507160', '0202610', '0101020', '0269140', '0377470', '0347000', '0732120', '0002000', '0320000', '0802270']"
235,"['0371940', '0421000', '0002270', '0154000', '0321000', '0154000', '0377470', '0101020', '0269140']",MA5F9KQ5-X,0.6325002,h,"['0121100', '0009060', '0002270', '0507160', '0202610', '0101020', '0269140', '0377470', '0347000', '0732120', '0002000', '0320000', '0802270']"
236,"['0121100', '0009060', '0101010', '0671020', '0106000', '0772200', '0377470', '0276040', '0712000']",10146104-1,0.6323614,h,"['0121100', '0009060', '0002270', '0507160', '0202610', '0101020', '0269140', '0377470', '0347000', '0732120', '0002000', '0320000', '0802270']"
237,"['0306060', '0401000', '0002990', '0507160', '0174070', '0101020', '0321000', '0234070', '0772320', '0000000', '0607120', '0227700', '0000000']",60828043-4,0.6301019,h,"['0121100', '0009060', '0002270', '0507160', '0202610', '0101020', '0269140', '0377470', '0347000', '0732120', '0002000', '0320000', '0802270']"
238,"['0500060', '0601030', '0728010', '0666680', '0101020', '0321000', '0121100', '0002270', '0447270', '0309010', '0377470', '0347000', '0116400', '0304170', '0732120']",40175049-4,0.62917715,h,"['0121100', '0009060', '0002270', '0507160', '0202610', '0101020', '0269140', '0377470', '0347000', '0732120', '0002000', '0320000', '0802270']"
239,"['0121100', '0009060', '0506080', '0381570', '0154000', '0377470', '0234070', '0772320', '0101000', '0802270']",MA01BFD1-X,0.6291307,h,"['0121100', '0009060', '0002270', '0507160', '0202610', '0101020', '0269140', '0377470', '0347000', '0732120', '0002000', '0320000', '0802270']"
240,"['0121100', '0009060', '0431500', '0154000', '0447270', '0321000', '0377470', '0347000', '0116400', '0304170', '0732120']",10172046-1,0.6290747,h,"['0121100', '0009060', '0002270', '0507160', '0202610', '0101020', '0269140', '0377470', '0347000', '0732120', '0002000', '0320000', '0802270']"
241,"['0244010', '0371200', '0601020', '0441120', '0000000', '0121100', '0009060', '0000000', '0275200', '0321000', '0887770', '0161150', '0381570', '0331810', '0802270']",MA018W1F-8,0.62831473,h,"['0121100', '0009060', '0002270', '0507160', '0202610', '0101020', '0269140', '0377470', '0347000', '0732120', '0002000', '0320000', '0802270']"
242,"['0729040', '0801090', '0242100', '0904070', '0000000', '0002000', '0320000', '0000000', '0202610', '0263300', '0507160', '0174070', '0449000', '0949000']",MA5ANTW5-4,0.6271529,h,"['0121100', '0009060', '0002270', '0507160', '0202610', '0101020', '0269140', '0377470', '0347000', '0732120', '0002000', '0320000', '0802270']"
243,"['0002000', '0409040', '0449270', '0373020', '0154000', '0377470', '0101020', '0269140']",MA525YJ8-4,0.62573457,h,"['0121100', '0009060', '0002270', '0507160', '0202610', '0101020', '0269140', '0377470', '0347000', '0732120', '0002000', '0320000', '0802270']"
244,"['0729040', '0227700', '0002270', '0801090', '0600000', '0311200', '0717140', '0408000', '0107170', '0227700', '0202020', '0449000', '0311640', '0002610']",MA65F82X-9,0.6255095,h,"['0121100', '0009060', '0002270', '0507160', '0202610', '0101020', '0269140', '0377470', '0347000', '0732120', '0002000', '0320000', '0802270']"
245,"['0121100', '0009060', '0262020', '0002320', '0121270', '0124010', '0311640', '0002610']",67878400-5,0.62525535,h,"['0121100', '0009060', '0002270', '0507160', '0202610', '0101020', '0269140', '0377470', '0347000', '0732120', '0002000', '0320000', '0802270']"
246,"['0121100', '0009060', '0211120', '0601000', '0807320', '0347000', '0210270', '0500070', '0274270', '0722210']",75820142-0,0.62483025,h,"['0121100', '0009060', '0002270', '0507160', '0202610', '0101020', '0269140', '0377470', '0347000', '0732120', '0002000', '0320000', '0802270']"
247,"['0121100', '0009060', '0801040', '0307320', '0712320', '0154000', '0881170', '0101020', '0269140']",MA01E6JY-X,0.6247489,h,"['0121100', '0009060', '0002270', '0507160', '0202610', '0101020', '0269140', '0377470', '0347000', '0732120', '0002000', '0320000', '0802270']"
248,"['0500060', '0857800', '0101020', '0269140', '0479100', '0439500', '0116400', '0304170', '0377470', '0347000', '0732120']",30363581-2,0.62460226,h,"['0121100', '0009060', '0002270', '0507160', '0202610', '0101020', '0269140', '0377470', '0347000', '0732120', '0002000', '0320000', '0802270']"
249,"['0371200', '0121100', '0002000', '0343080', '0242100', '0101020', '0249000', '0540470', '0772470', '0282270', '0107320', '0442070', '0242100', '0101020', '0712000']",75101015-4,0.6239153,h,"['0121100', '0009060', '0002270', '0507160', '0202610', '0101020', '0269140', '0377470', '0347000', '0732120', '0002000', '0320000', '0802270']"
250,"['0311120', '0443300', '0906020', '0101010', '0229000', '0377470', '0276040', '0304040', '0347320', '0101020', '0269140']",13476876-0,0.62386096,h,"['0121100', '0009060', '0002270', '0507160', '0202610', '0101020', '0269140', '0377470', '0347000', '0732120', '0002000', '0320000', '0802270']"
251,"['0570270', '0320000', '0902270', '0007320', '0311100', '0640000', '0347320', '0377470', '0347000']",MA1YWRQG-4,0.62332726,h,"['0121100', '0009060', '0002270', '0507160', '0202610', '0101020', '0269140', '0377470', '0347000', '0732120', '0002000', '0320000', '0802270']"
252,"['0101020', '0400300', '0000000', '0209040', '0602400', '0000000', '0807320', '0347000', '0210270', '0500070', '0274270', '0722210', '0000000', '0245410', '0152900', '0806010', '0373020', '0806010', '0292800', '0000000']",07856324-1,0.6230867,h,"['0121100', '0009060', '0002270', '0507160', '0202610', '0101020', '0269140', '0377470', '0347000', '0732120', '0002000', '0320000', '0802270']"
253,"['0407100', '0108040', '0602120', '0204070', '0311640', '0002610', '0000000', '0002000', '0320000', '0000000']",56021326-6,0.6216682,h,"['0121100', '0009060', '0002270', '0507160', '0202610', '0101020', '0269140', '0377470', '0347000', '0732120', '0002000', '0320000', '0802270']"
254,"['0304040', '0002840', '0002270', '0431500', '0202020', '0578120', '0520000', '0377470', '0347000', '0732120']",48561915-0,0.6216085,h,"['0121100', '0009060', '0002270', '0507160', '0202610', '0101020', '0269140', '0377470', '0347000', '0732120', '0002000', '0320000', '0802270']"
255,"['0402270', '0009060', '0772200', '0801020', '0391270', '0702270', '0101020', '0269140']",MA1YX925-8,0.6212104,h,"['0121100', '0009060', '0002270', '0507160', '0202610', '0101020', '0269140', '0377470', '0347000', '0732120', '0002000', '0320000', '0802270']"
256,"['0002000', '0102120', '0002270', '0229000', '0908010', '0101020', '0321000', '0234070', '0772320', '0209040', '0602400']",MA6A4B56-X,0.62068015,h,"['0121100', '0009060', '0002270', '0507160', '0202610', '0101020', '0269140', '0377470', '0347000', '0732120', '0002000', '0320000', '0802270']"
257,"['0002000', '0311200', '0777320', '0532000', '0601050', '0302320', '0802270', '0802280', '0142120', '0407320', '0777470', '0503020', '0321000', '0806010', '0282110', '0342100']",MA71KRU0-4,0.62037605,h,"['0121100', '0009060', '0002270', '0507160', '0202610', '0101020', '0269140', '0377470', '0347000', '0732120', '0002000', '0320000', '0802270']"
258,"['0121100', '0009060', '0009060', '0409040', '0002270', '0372120', '0377100', '0249000', '0540470']",69495680-7,0.6179085,h,"['0121100', '0009060', '0002270', '0507160', '0202610', '0101020', '0269140', '0377470', '0347000', '0732120', '0002000', '0320000', '0802270']"
259,"['0121100', '0009060', '0806020', '0102270', '0275200', '0321000', '0772470', '0274270', '0108040', '0351070', '0802270']",67146875-5,0.6177077,h,"['0121100', '0009060', '0002270', '0507160', '0202610', '0101020', '0269140', '0377470', '0347000', '0732120', '0002000', '0320000', '0802270']"
260,"['0252270', '0227700', '0002270', '0381570', '0108040', '0000000', '0002270', '0670200', '0000000', '0377200', '0650900', '0807320', '0606600']",76292268-5,0.61708105,h,"['0121100', '0009060', '0002270', '0507160', '0202610', '0101020', '0269140', '0377470', '0347000', '0732120', '0002000', '0320000', '0802270']"
261,"['0121100', '0009060', '0430420', '0702150', '0002270', '0670640', '0082320', '0381470', '0609060', '0774120', '0578120', '0520000', '0377470', '0347000', '0732120']",77041975-6,0.61677885,h,"['0121100', '0009060', '0002270', '0507160', '0202610', '0101020', '0269140', '0377470', '0347000', '0732120', '0002000', '0320000', '0802270']"
262,"['0269020', '0320000', '0002270', '0409040', '0006010', '0507160', '0174070']",70537060-X,0.61648524,h,"['0121100', '0009060', '0002270', '0507160', '0202610', '0101020', '0269140', '0377470', '0347000', '0732120', '0002000', '0320000', '0802270']"
263,"['0002000', '0409040', '0002270', '0429280', '0154000', '0881170', '0377470', '0347000', '0732120']",19146575-8,0.615546,h,"['0121100', '0009060', '0002270', '0507160', '0202610', '0101020', '0269140', '0377470', '0347000', '0732120', '0002000', '0320000', '0802270']"
264,"['0000000', '0000000', '0242100', '0904070', '0000000', '0002000', '0320000', '0000000', '0101020', '0269140', '0871040', '0949000']",73974488-4,0.6142774,h,"['0121100', '0009060', '0002270', '0507160', '0202610', '0101020', '0269140', '0377470', '0347000', '0732120', '0002000', '0320000', '0802270']"
265,"['0408000', '0202610', '0807320', '0347000', '0210270', '0500070', '0274270', '0722210', '0000000', '0245410', '0152900', '0806010', '0373020', '0806010', '0292800', '0000000']",59061148-4,0.61408144,h,"['0121100', '0009060', '0002270', '0507160', '0202610', '0101020', '0269140', '0377470', '0347000', '0732120', '0002000', '0320000', '0802270']"
266,"['0500060', '0484400', '0307320', '0321000', '0000000', '0121100', '0009060', '0000000', '0209030', '0201120', '0209040', '0532000']",MA01R1N9-8,0.61366963,h,"['0121100', '0009060', '0002270', '0507160', '0202610', '0101020', '0269140', '0377470', '0347000', '0732120', '0002000', '0320000', '0802270']"
267,"['0121100', '0009060', '0002270', '0381570', '0331810', '0717140', '0002270', '0402000', '0164800', '0321000', '0540470', '0222120', '0401610', '0327000', '0904070', '0409480']",MA6PXNLX-9,0.6134919,h,"['0121100', '0009060', '0002270', '0507160', '0202610', '0101020', '0269140', '0377470', '0347000', '0732120', '0002000', '0320000', '0802270']"
268,"['0002000', '0320000', '0002270', '0002000', '0151900', '0507160', '0341120']",MA59DR6W-9,0.6125082,h,"['0121100', '0009060', '0002270', '0507160', '0202610', '0101020', '0269140', '0377470', '0347000', '0732120', '0002000', '0320000', '0802270']"
269,"['0211000', '0381570', '0427300', '0302010', '0102270', '0307320', '0101020', '0321000', '0164800', '0321000', '0540470', '0222120', '0401610', '0327000', '0500060', '0330000']",69024915-4,0.6124528,h,"['0121100', '0009060', '0002270', '0507160', '0202610', '0101020', '0269140', '0377470', '0347000', '0732120', '0002000', '0320000', '0802270']"
270,"['0002650', '0227700', '0002270', '0500000', '0402270', '0154000', '0377470', '0570470', '0378020']",68278989-6,0.612341,h,"['0121100', '0009060', '0002270', '0507160', '0202610', '0101020', '0269140', '0377470', '0347000', '0732120', '0002000', '0320000', '0802270']"
271,"['0252270', '0227700', '0402270', '0002270', '0154000', '0881170', '0377470', '0347000', '0732120']",19354829-0,0.61213326,h,"['0121100', '0009060', '0002270', '0507160', '0202610', '0101020', '0269140', '0377470', '0347000', '0732120', '0002000', '0320000', '0802270']"
272,"['0000000', '0000000', '0000000', '0121100', '0009060', '0000000', '0381170', '0405000', '0279120', '0228020', '0381120', '0320000', '0802270']",33623163-8,0.6120855,h,"['0121100', '0009060', '0002270', '0507160', '0202610', '0101020', '0269140', '0377470', '0347000', '0732120', '0002000', '0320000', '0802270']"
273,"['0402270', '0009060', '0269000', '0108040', '0102300', '0391270', '0702270', '0101020', '0269140']",MA1YX4F6-5,0.61048096,h,"['0121100', '0009060', '0002270', '0507160', '0202610', '0101020', '0269140', '0377470', '0347000', '0732120', '0002000', '0320000', '0802270']"
274,"['0211000', '0381570', '0002270', '0782330', '0383060', '0101020', '0269140', '0445170', '0383060', '0004080', '0373020', '0377470', '0347000', '0116400', '0304170', '0732120']",42500103-3,0.61006725,h,"['0121100', '0009060', '0002270', '0507160', '0202610', '0101020', '0269140', '0377470', '0347000', '0732120', '0002000', '0320000', '0802270']"
275,"['0211000', '0381570', '0377200', '0343080', '0507160', '0281120', '0000000', '0209040', '0602400', '0000000']",83281712-8,0.6094881,h,"['0121100', '0009060', '0002270', '0507160', '0202610', '0101020', '0269140', '0377470', '0347000', '0732120', '0002000', '0320000', '0802270']"
276,"['0227700', '0409040', '0220000', '0307320', '0347320', '0287270', '0101020', '0269140']",75637612-0,0.609282,h,"['0121100', '0009060', '0002270', '0507160', '0202610', '0101020', '0269140', '0377470', '0347000', '0732120', '0002000', '0320000', '0802270']"
277,"['0121100', '0009060', '0002270', '0004000', '0242100', '0249000', '0540470', '0152360', '0378020', '0279120', '0228020', '0772470', '0282270']",39791413-3,0.6091426,h,"['0121100', '0009060', '0002270', '0507160', '0202610', '0101020', '0269140', '0377470', '0347000', '0732120', '0002000', '0320000', '0802270']"
278,"['0500060', '0441270', '0102270', '0202610', '0807320', '0347000', '0210270', '0500070', '0274270', '0722210']",40000782-6,0.60896236,h,"['0121100', '0009060', '0002270', '0507160', '0202610', '0101020', '0269140', '0377470', '0347000', '0732120', '0002000', '0320000', '0802270']"
279,"['0121100', '0009060', '0500060', '0479200', '0154000', '0881170', '0101020', '0269140']",MA00BM5N-7,0.6087638,h,"['0121100', '0009060', '0002270', '0507160', '0202610', '0101020', '0269140', '0377470', '0347000', '0732120', '0002000', '0320000', '0802270']"
280,"['0121100', '0009060', '0500060', '0201270', '0242100', '0101020', '0772470', '0282270']",72261275-4,0.60805374,h,"['0121100', '0009060', '0002270', '0507160', '0202610', '0101020', '0269140', '0377470', '0347000', '0732120', '0002000', '0320000', '0802270']"
281,"['0500060', '0857800', '0101000', '0732120', '0201050', '0002840', '0447270', '0309010', '0377470', '0347000', '0116400', '0304170', '0732120']",55678709-9,0.6075399,h,"['0121100', '0009060', '0002270', '0507160', '0202610', '0101020', '0269140', '0377470', '0347000', '0732120', '0002000', '0320000', '0802270']"
282,"['0252270', '0227700', '0002270', '0431500', '0002270', '0578120', '0520000', '0377470', '0347000', '0116400', '0304170', '0732120']",45607307-2,0.6070679,h,"['0121100', '0009060', '0002270', '0507160', '0202610', '0101020', '0269140', '0377470', '0347000', '0732120', '0002000', '0320000', '0802270']"
283,"['0404010', '0312660', '0441040', '0321000', '0275200', '0321000', '0772470', '0274270', '0121100', '0009060', '0302270', '0227700', '0802270']",MA01ABX6-1,0.60694575,h,"['0121100', '0009060', '0002270', '0507160', '0202610', '0101020', '0269140', '0377470', '0347000', '0732120', '0002000', '0320000', '0802270']"
284,"['0402270', '0442320', '0406000', '0222120', '0311960', '0234070', '0507160', '0570470', '0378020', '0209040', '0602400', '0801090', '0227700', '0882270', '0101000', '0553310', '0507160', '0802270']",MA0QMDDH-8,0.60660285,h,"['0121100', '0009060', '0002270', '0507160', '0202610', '0101020', '0269140', '0377470', '0347000', '0732120', '0002000', '0320000', '0802270']"
285,"['0404010', '0312660', '0441040', '0321000', '0275200', '0321000', '0772470', '0274270', '0121100', '0009060', '0500000', '0236000', '0802270']",35295698-9,0.6064485,h,"['0121100', '0009060', '0002270', '0507160', '0202610', '0101020', '0269140', '0377470', '0347000', '0732120', '0002000', '0320000', '0802270']"
286,"['0211000', '0381570', '0100000', '0222270', '0201050', '0121040', '0106000', '0227700', '0377470', '0276040', '0222000', '0343060']",69724475-X,0.6063845,h,"['0121100', '0009060', '0002270', '0507160', '0202610', '0101020', '0269140', '0377470', '0347000', '0732120', '0002000', '0320000', '0802270']"
287,"['0004000', '0121080', '0202610', '0101020', '0479100', '0507160']",61378184-X,0.6061218,h,"['0121100', '0009060', '0002270', '0507160', '0202610', '0101020', '0269140', '0377470', '0347000', '0732120', '0002000', '0320000', '0802270']"
288,"['0212070', '0727400', '0777320', '0259000', '0762000', '0808040', '0024000', '0302320', '0441470', '0371160', '0321000', '0802280', '0142120', '0407320', '0777470', '0503020', '0321000', '0806010', '0282110', '0342100']",MA44A921-8,0.60502493,h,"['0121100', '0009060', '0002270', '0507160', '0202610', '0101020', '0269140', '0377470', '0347000', '0732120', '0002000', '0320000', '0802270']"
289,"['0002000', '0409040', '0906020', '0331600', '0801090', '0154000', '0881170', '0377470', '0347000', '0116400', '0304170', '0732120']",45585729-7,0.6050232,h,"['0121100', '0009060', '0002270', '0507160', '0202610', '0101020', '0269140', '0377470', '0347000', '0732120', '0002000', '0320000', '0802270']"
290,"['0101010', '0444070', '0107170', '0428210', '0242100', '0904070', '0101020', '0269140', '0871040', '0949000', '0000000', '0211000', '0381570', '0000000']",69162434-8,0.6049771,h,"['0121100', '0009060', '0002270', '0507160', '0202610', '0101020', '0269140', '0377470', '0347000', '0732120', '0002000', '0320000', '0802270']"
291,"['0500060', '0601030', '0106020', '0351600', '0108040', '0233380', '0800170', '0772470', '0282270', '0304040', '0282400', '0381940', '0320000', '0897270', '0206010', '0802270', '0402270', '0371640', '0002270', '0353090', '0448060', '0371120', '0774470', '0000000', '0112820', '0776020', '0600000']",MA2UF83Y-9,0.6047912,h,"['0121100', '0009060', '0002270', '0507160', '0202610', '0101020', '0269140', '0377470', '0347000', '0732120', '0002000', '0320000', '0802270']"
292,"['0402270', '0009060', '0002270', '0008000', '0806010', '0717140', '0729040', '0269000', '0302320', '0802270', '0802280', '0142120']",MA1YJ1PF-8,0.6037357,h,"['0121100', '0009060', '0002270', '0507160', '0202610', '0101020', '0269140', '0377470', '0347000', '0732120', '0002000', '0320000', '0802270']"
293,"['0121100', '0009060', '0002270', '0260000', '0509000', '0129000', '0209040', '0602400']",10135804-4,0.6035445,h,"['0121100', '0009060', '0002270', '0507160', '0202610', '0101020', '0269140', '0377470', '0347000', '0732120', '0002000', '0320000', '0802270']"
294,"['0311200', '0121100', '0906020', '0002270', '0321000', '0353000', '0227720', '0600000']",10432226-6,0.60327226,h,"['0121100', '0009060', '0002270', '0507160', '0202610', '0101020', '0269140', '0377470', '0347000', '0732120', '0002000', '0320000', '0802270']"
295,"['0002000', '0102120', '0002270', '0601030', '0202610', '0275200', '0321000', '0887770', '0161150']",58649567-9,0.60295856,h,"['0121100', '0009060', '0002270', '0507160', '0202610', '0101020', '0269140', '0377470', '0347000', '0732120', '0002000', '0320000', '0802270']"
296,"['0489570', '0320000', '0002270', '0142000', '0353060', '0428210', '0441120', '0411490', '0252300', '0002270', '0154000', '0377470', '0101020', '0269140']",MA542J69-4,0.6029372,h,"['0121100', '0009060', '0002270', '0507160', '0202610', '0101020', '0269140', '0377470', '0347000', '0732120', '0002000', '0320000', '0802270']"
297,"['0100000', '0478010', '0111120', '0601030', '0712910', '0082320', '0212210', '0342100', '0000000', '0121100', '0009060', '0000000', '0141270', '0489320', '0370010', '0002270', '0076270']",MA01PND6-9,0.60274,h,"['0121100', '0009060', '0002270', '0507160', '0202610', '0101020', '0269140', '0377470', '0347000', '0732120', '0002000', '0320000', '0802270']"
298,"['0121100', '0009060', '0500060', '0448010', '0400270', '0371540', '0154000', '0881170', '0101020', '0269140']",MA01QGRA-7,0.60233474,h,"['0121100', '0009060', '0002270', '0507160', '0202610', '0101020', '0269140', '0377470', '0347000', '0732120', '0002000', '0320000', '0802270']"
299,"['0121100', '0009060', '0102120', '0448010', '0154000', '0881170', '0101020', '0269140']",MA01GTQG-0,0.6015852,h,"['0121100', '0009060', '0002270', '0507160', '0202610', '0101020', '0269140', '0377470', '0347000', '0732120', '0002000', '0320000', '0802270']"
300,"['0202320', '0371200', '0276020', '0311100', '0000000', '0002000', '0320000', '0000000', '0772470', '0287270']",MA5CPCGN-6,0.60141325,h,"['0121100', '0009060', '0002270', '0507160', '0202610', '0101020', '0269140', '0377470', '0347000', '0732120', '0002000', '0320000', '0802270']"
301,"['0500060', '0401000', '0209040', '0602400', '0312660', '0320000', '0447270', '0309010', '0377470', '0347000', '0116400', '0304170', '0732120']",15439857-6,0.6014031,h,"['0121100', '0009060', '0002270', '0507160', '0202610', '0101020', '0269140', '0377470', '0347000', '0732120', '0002000', '0320000', '0802270']"
302,"['0121100', '0009060', '0002000', '0210820', '0343080', '0304040', '0391270', '0702270', '0377470', '0276040']",79854401-4,0.6013789,h,"['0121100', '0009060', '0002270', '0507160', '0202610', '0101020', '0269140', '0377470', '0347000', '0732120', '0002000', '0320000', '0802270']"
303,"['0121100', '0009060', '0801040', '0972540', '0102270', '0373020', '0101020', '0269140']",MA01MGFT-4,0.60097647,h,"['0121100', '0009060', '0002270', '0507160', '0202610', '0101020', '0269140', '0377470', '0347000', '0732120', '0002000', '0320000', '0802270']"
304,"['0002000', '0409040', '0801090', '0640000', '0373020', '0302320', '0778010', '0347320', '0287270', '0101020', '0269140']",09235735-6,0.6009025,h,"['0121100', '0009060', '0002270', '0507160', '0202610', '0101020', '0269140', '0377470', '0347000', '0732120', '0002000', '0320000', '0802270']"
305,"['0107320', '0402270', '0235000', '0308010', '0908010', '0307320', '0877200', '0321000']",76042189-5,0.9999999,i,"['0107320', '0402270', '0235000', '0308010', '0908010', '0307320', '0877200', '0321000']"
306,"['0107320', '0402270', '0235000', '0308010', '0908010', '0307320', '0402270', '0277170', '0801090', '0772270']",66829081-0,0.85786086,i,"['0107320', '0402270', '0235000', '0308010', '0908010', '0307320', '0877200', '0321000']"
307,"['0107320', '0402270', '0908010', '0242310', '0321000', '0877200', '0479200', '0101020', '0269140']",69088819-X,0.6297968,i,"['0107320', '0402270', '0235000', '0308010', '0908010', '0307320', '0877200', '0321000']"
308,"['0301020', '0308010', '0807320', '0402140', '0106020', '0381570', '0407320', '0321000', '0234070', '0772320']",MA69M1KQ-9,0.6075097,i,"['0107320', '0402270', '0235000', '0308010', '0908010', '0307320', '0877200', '0321000']"
309,"['0107320', '0402270', '0906020', '0602270', '0370010', '0777320', '0244010', '0101010', '0877200', '0321000']",74528076-4,0.60728526,i,"['0107320', '0402270', '0235000', '0308010', '0908010', '0307320', '0877200', '0321000']"
310,"['0409040', '0442120', '0029210', '0729040', '0108040', '0712400', '0249000', '0666680', '0449000']",32953598-3,1.0,j,"['0409040', '0442120', '0029210', '0729040', '0108040', '0712400', '0249000', '0666680', '0449000']"
311,"['0409040', '0762000', '0002270', '0101020', '0029210', '0217720', '0249000', '0666680', '0449000']",74771529-0,0.7327114,j,"['0409040', '0442120', '0029210', '0729040', '0108040', '0712400', '0249000', '0666680', '0449000']"
312,"['0902270', '0320000', '0108040', '0006010', '0507160', '0402070', '0666680', '0449000']",60812665-6,0.66862726,j,"['0409040', '0442120', '0029210', '0729040', '0108040', '0712400', '0249000', '0666680', '0449000']"
313,"['0409040', '0442120', '0002270', '0108040', '0866000', '0343050', '0500440', '0666680']",05683104-9,0.66164213,j,"['0409040', '0442120', '0029210', '0729040', '0108040', '0712400', '0249000', '0666680', '0449000']"
314,"['0409040', '0442120', '0002270', '0101010', '0308020', '0507160', '0666680']",59210559-3,0.65746593,j,"['0409040', '0442120', '0029210', '0729040', '0108040', '0712400', '0249000', '0666680', '0449000']"
315,"['0002000', '0409040', '0210820', '0242310', '0249000', '0887120', '0171270', '0507160', '0666680']",58138326-4,0.63409114,j,"['0409040', '0442120', '0029210', '0729040', '0108040', '0712400', '0249000', '0666680', '0449000']"
316,"['0409040', '0442120', '0002270', '0171100', '0606040', '0343050', '0500440', '0666680']",MA4W7N2T-4,0.61931926,j,"['0409040', '0442120', '0029210', '0729040', '0108040', '0712400', '0249000', '0666680', '0449000']"
317,"['0002000', '0409040', '0242140', '0772640', '0729040', '0712400', '0302270', '0249000', '0540470']",75560701-1,0.61810184,j,"['0409040', '0442120', '0029210', '0729040', '0108040', '0712400', '0249000', '0666680', '0449000']"
318,"['0409040', '0442120', '0002270', '0447170', '0249000', '0600000', '0732120', '0449000', '0949000']",MA4W6LEQ-5,0.60014,j,"['0409040', '0442120', '0029210', '0729040', '0108040', '0712400', '0249000', '0666680', '0449000']"
319,"['0409040', '0442120', '0029210', '0729040', '0108040', '0712400', '0249000', '0666680', '0449000']",32953598-3,0.6071213,k,"['0029210', '0729040', '0108040']"
320,"['0108040', '0129000', '0308010', '0729040', '0441120', '0297180']",22492033-2,0.6006613,k,"['0029210', '0729040', '0108040']"
